
/*******************************************************************************

MIT License

Copyright (c) Intel Corporation

Permission is hereby granted, free of charge, to any person obtaining a copy of
this software and associated documentation files (the "Software"), to deal in
the Software without restriction, including without limitation the rights to use,
copy, modify, merge, publish, distribute, sublicense, and/or sell copies of the
Software, and to permit persons to whom the Software is furnished to do so,
subject to the following conditions:

The above copyright notice and this permission notice shall be included in all
copies or substantial portions of the Software.

THE SOFTWARE IS PROVIDED "AS IS", WITHOUT WARRANTY OF ANY KIND, EXPRESS OR
IMPLIED, INCLUDING BUT NOT LIMITED TO THE WARRANTIES OF MERCHANTABILITY, FITNESS
FOR A PARTICULAR PURPOSE AND NONINFRINGEMENT. IN NO EVENT SHALL THE AUTHORS OR
COPYRIGHT HOLDERS BE LIABLE FOR ANY CLAIM, DAMAGES OR OTHER LIABILITY, WHETHER
IN AN ACTION OF CONTRACT, TORT OR OTHERWISE, ARISING FROM, OUT OF OR IN
CONNECTION WITH THE SOFTWARE OR THE USE OR OTHER DEALINGS IN THE SOFTWARE.

*******************************************************************************/

#include "gvk/detail/intel-logo.hpp"

namespace gvk {

const std::array<uint8_t, 28496> IntelLogoPng{
    0x89, 0x50, 0x4E, 0x47, 0x0D, 0x0A, 0x1A, 0x0A, 0x00, 0x00, 0x00, 0x0D, 0x49, 0x48, 0x44, 0x52,
    0x00, 0x00, 0x03, 0x30, 0x00, 0x00, 0x03, 0x30, 0x08, 0x06, 0x00, 0x00, 0x00, 0xFF, 0x08, 0x85,
    0x1B, 0x00, 0x00, 0x00, 0x01, 0x73, 0x52, 0x47, 0x42, 0x00, 0xAE, 0xCE, 0x1C, 0xE9, 0x00, 0x00,
    0x00, 0x04, 0x67, 0x41, 0x4D, 0x41, 0x00, 0x00, 0xB1, 0x8F, 0x0B, 0xFC, 0x61, 0x05, 0x00, 0x00,
    0x00, 0x09, 0x70, 0x48, 0x59, 0x73, 0x00, 0x00, 0x0E, 0xC3, 0x00, 0x00, 0x0E, 0xC3, 0x01, 0xC7,
    0x6F, 0xA8, 0x64, 0x00, 0x00, 0x6E, 0xE5, 0x49, 0x44, 0x41, 0x54, 0x78, 0x5E, 0xED, 0xDD, 0x07,
    0x80, 0xA5, 0x67, 0x5D, 0x2F, 0xFE, 0xDF, 0x4E, 0xDF, 0xDE, 0x77, 0xB3, 0x49, 0x36, 0x3D, 0xD9,
    0x34, 0x6A, 0x90, 0x66, 0x68, 0xD2, 0x8B, 0xA8, 0x20, 0xBD, 0x4A, 0x51, 0xBC, 0x06, 0x15, 0xF5,
    0xEA, 0xF5, 0x7F, 0xD5, 0x6B, 0xBD, 0xD7, 0x7B, 0xED, 0x0D, 0x10, 0x41, 0x3A, 0x88, 0xF4, 0x8E,
    0x04, 0x41, 0x4A, 0x40, 0x14, 0x15, 0x48, 0x2F, 0xA4, 0xF7, 0x64, 0x7B, 0x9F, 0xFA, 0x7F, 0x7E,
    0xCF, 0x99, 0xB3, 0x2C, 0x21, 0x40, 0xCA, 0xEE, 0xCC, 0x79, 0x66, 0x3E, 0x9F, 0xE4, 0xDD, 0x99,
    0x39, 0x73, 0xE6, 0x9C, 0xF7, 0x3C, 0xCF, 0x5B, 0x7E, 0xDF, 0xB7, 0x2E, 0x88, 0xD7, 0x9C, 0x37,
    0x15, 0x00, 0x00, 0x00, 0x0D, 0xE8, 0x9B, 0xFE, 0x0A, 0x00, 0x00, 0xD0, 0xF3, 0x04, 0x18, 0x00,
    0x00, 0xA0, 0x19, 0x02, 0x0C, 0x00, 0x00, 0xD0, 0x0C, 0x01, 0x06, 0x00, 0x00, 0x68, 0x86, 0x00,
    0x03, 0x00, 0x00, 0x34, 0x43, 0x80, 0x01, 0x00, 0x00, 0x9A, 0x21, 0xC0, 0x00, 0x00, 0x00, 0xCD,
    0x10, 0x60, 0x00, 0x00, 0x80, 0x66, 0x08, 0x30, 0x00, 0x00, 0x40, 0x33, 0x04, 0x18, 0x00, 0x00,
    0xA0, 0x19, 0x02, 0x0C, 0x00, 0x00, 0xD0, 0x0C, 0x01, 0x06, 0x00, 0x00, 0x68, 0x86, 0x00, 0x03,
    0x00, 0x00, 0x34, 0x43, 0x80, 0x01, 0x00, 0x00, 0x9A, 0x21, 0xC0, 0x00, 0x00, 0x00, 0xCD, 0x10,
    0x60, 0x00, 0x00, 0x80, 0x66, 0x08, 0x30, 0x00, 0x00, 0x40, 0x33, 0x04, 0x18, 0x00, 0x00, 0xA0,
    0x19, 0x02, 0x0C, 0x00, 0x00, 0xD0, 0x0C, 0x01, 0x06, 0x00, 0x00, 0x68, 0x86, 0x00, 0x03, 0x00,
    0x00, 0x34, 0x43, 0x80, 0x01, 0x00, 0x00, 0x9A, 0x21, 0xC0, 0x00, 0x00, 0x00, 0xCD, 0x10, 0x60,
    0x00, 0x00, 0x80, 0x66, 0x08, 0x30, 0x00, 0x00, 0x40, 0x33, 0x04, 0x18, 0x00, 0x00, 0xA0, 0x19,
    0x02, 0x0C, 0x00, 0x00, 0xD0, 0x0C, 0x01, 0x06, 0x00, 0x00, 0x68, 0x86, 0x00, 0x03, 0x00, 0x00,
    0x34, 0x43, 0x80, 0x01, 0x00, 0x00, 0x9A, 0x21, 0xC0, 0x00, 0x00, 0x00, 0xCD, 0x10, 0x60, 0x00,
    0x00, 0x80, 0x66, 0x08, 0x30, 0x00, 0x00, 0x40, 0x33, 0x04, 0x18, 0x00, 0x00, 0xA0, 0x19, 0x02,
    0x0C, 0x00, 0x00, 0xD0, 0x0C, 0x01, 0x06, 0x00, 0x00, 0x68, 0x86, 0x00, 0x03, 0x00, 0x00, 0x34,
    0x43, 0x80, 0x01, 0x00, 0x00, 0x9A, 0x21, 0xC0, 0x00, 0x00, 0x00, 0xCD, 0x10, 0x60, 0x00, 0x00,
    0x80, 0x66, 0x08, 0x30, 0x00, 0x00, 0x40, 0x33, 0x04, 0x18, 0x00, 0x00, 0xA0, 0x19, 0x02, 0x0C,
    0x00, 0x00, 0xD0, 0x0C, 0x01, 0x06, 0x00, 0x00, 0x68, 0x86, 0x00, 0x03, 0x00, 0x00, 0x34, 0x43,
    0x80, 0x01, 0x00, 0x00, 0x9A, 0x21, 0xC0, 0x00, 0x00, 0x00, 0xCD, 0x10, 0x60, 0x00, 0x00, 0x80,
    0x66, 0x08, 0x30, 0x00, 0x00, 0x40, 0x33, 0x04, 0x18, 0x00, 0x00, 0xA0, 0x19, 0x02, 0x0C, 0x00,
    0x00, 0xD0, 0x0C, 0x01, 0x06, 0x00, 0x00, 0x68, 0x86, 0x00, 0x03, 0x00, 0x00, 0x34, 0x43, 0x80,
    0x01, 0x00, 0x00, 0x9A, 0x21, 0xC0, 0x00, 0x00, 0x00, 0xCD, 0x10, 0x60, 0x00, 0x00, 0x80, 0x66,
    0x08, 0x30, 0x00, 0x00, 0x40, 0x33, 0x04, 0x18, 0x00, 0x00, 0xA0, 0x19, 0x02, 0x0C, 0x00, 0x00,
    0xD0, 0x0C, 0x01, 0x06, 0x00, 0x00, 0x68, 0x86, 0x00, 0x03, 0x00, 0x00, 0x34, 0x43, 0x80, 0x01,
    0x00, 0x00, 0x9A, 0x21, 0xC0, 0x00, 0x00, 0x00, 0xCD, 0x10, 0x60, 0x00, 0x00, 0x80, 0x66, 0x08,
    0x30, 0x00, 0x00, 0x40, 0x33, 0x04, 0x18, 0x00, 0x00, 0xA0, 0x19, 0x02, 0x0C, 0x00, 0x00, 0xD0,
    0x0C, 0x01, 0x06, 0x00, 0x00, 0x68, 0x86, 0x00, 0x03, 0x00, 0x00, 0x34, 0x43, 0x80, 0x01, 0x00,
    0x00, 0x9A, 0x21, 0xC0, 0x00, 0x00, 0x00, 0xCD, 0x10, 0x60, 0x00, 0x00, 0x80, 0x66, 0x08, 0x30,
    0x00, 0x00, 0x40, 0x33, 0x04, 0x18, 0x00, 0x00, 0xA0, 0x19, 0x02, 0x0C, 0x00, 0x00, 0xD0, 0x0C,
    0x01, 0x06, 0x00, 0x00, 0x68, 0x86, 0x00, 0x03, 0x00, 0x00, 0x34, 0x43, 0x80, 0x01, 0x00, 0x00,
    0x9A, 0x21, 0xC0, 0x00, 0x00, 0x00, 0xCD, 0x10, 0x60, 0x00, 0x00, 0x80, 0x66, 0x08, 0x30, 0x00,
    0x00, 0x40, 0x33, 0x04, 0x18, 0x00, 0x00, 0xA0, 0x19, 0x02, 0x0C, 0x00, 0x00, 0xD0, 0x0C, 0x01,
    0x06, 0x00, 0x00, 0x68, 0x86, 0x00, 0x03, 0x00, 0x00, 0x34, 0x43, 0x80, 0x01, 0x00, 0x00, 0x9A,
    0x21, 0xC0, 0x00, 0x00, 0x00, 0xCD, 0x10, 0x60, 0x00, 0x00, 0x80, 0x66, 0x08, 0x30, 0x00, 0x00,
    0x40, 0x33, 0x04, 0x18, 0x00, 0x00, 0xA0, 0x19, 0x02, 0x0C, 0x00, 0x00, 0xD0, 0x0C, 0x01, 0x06,
    0x00, 0x00, 0x68, 0x86, 0x00, 0x03, 0x00, 0x00, 0x34, 0x43, 0x80, 0x01, 0x00, 0x00, 0x9A, 0x21,
    0xC0, 0x00, 0x00, 0x00, 0xCD, 0x10, 0x60, 0x00, 0x00, 0x80, 0x66, 0x08, 0x30, 0x00, 0x00, 0x40,
    0x33, 0x04, 0x18, 0x00, 0x00, 0xA0, 0x19, 0x02, 0x0C, 0x00, 0x00, 0xD0, 0x0C, 0x01, 0x06, 0x00,
    0x00, 0x68, 0x86, 0x00, 0x03, 0x00, 0x00, 0x34, 0x43, 0x80, 0x01, 0x00, 0x00, 0x9A, 0x21, 0xC0,
    0x00, 0x00, 0x00, 0xCD, 0x10, 0x60, 0x00, 0x00, 0x80, 0x66, 0x08, 0x30, 0x00, 0x00, 0x40, 0x33,
    0x04, 0x18, 0x00, 0x00, 0xA0, 0x19, 0x02, 0x0C, 0x00, 0x00, 0xD0, 0x0C, 0x01, 0x06, 0x00, 0x00,
    0x68, 0x86, 0x00, 0x03, 0x00, 0x00, 0x34, 0x43, 0x80, 0x01, 0x00, 0x00, 0x9A, 0x21, 0xC0, 0x00,
    0x00, 0x00, 0xCD, 0x10, 0x60, 0x00, 0x00, 0x80, 0x66, 0x08, 0x30, 0x00, 0x00, 0x40, 0x33, 0x04,
    0x18, 0x00, 0x00, 0xA0, 0x19, 0x02, 0x0C, 0x00, 0x00, 0xD0, 0x0C, 0x01, 0x06, 0x00, 0x00, 0x68,
    0x86, 0x00, 0x03, 0x00, 0x00, 0x34, 0x43, 0x80, 0x01, 0x00, 0x00, 0x9A, 0x21, 0xC0, 0x00, 0x00,
    0x00, 0xCD, 0x10, 0x60, 0x00, 0x00, 0x80, 0x66, 0x08, 0x30, 0x00, 0x00, 0x40, 0x33, 0x04, 0x18,
    0x00, 0x00, 0xA0, 0x19, 0x02, 0x0C, 0x00, 0x00, 0xD0, 0x0C, 0x01, 0x06, 0x00, 0x00, 0x68, 0x86,
    0x00, 0x03, 0x00, 0x00, 0x34, 0x43, 0x80, 0x01, 0x00, 0x00, 0x9A, 0x21, 0xC0, 0x00, 0x00, 0x00,
    0xCD, 0x10, 0x60, 0x00, 0x00, 0x80, 0x66, 0x08, 0x30, 0x00, 0x00, 0x40, 0x33, 0x04, 0x18, 0x00,
    0x00, 0xA0, 0x19, 0x02, 0x0C, 0x00, 0x00, 0xD0, 0x0C, 0x01, 0x06, 0x00, 0x00, 0x68, 0x86, 0x00,
    0x03, 0x00, 0x00, 0x34, 0x43, 0x80, 0x01, 0x00, 0x00, 0x9A, 0x21, 0xC0, 0x00, 0x00, 0x00, 0xCD,
    0x10, 0x60, 0x00, 0x00, 0x80, 0x66, 0x08, 0x30, 0x00, 0x00, 0x40, 0x33, 0x04, 0x18, 0x00, 0x00,
    0xA0, 0x19, 0x02, 0x0C, 0x00, 0x00, 0xD0, 0x0C, 0x01, 0x06, 0x00, 0x00, 0x68, 0x86, 0x00, 0x03,
    0x00, 0x00, 0x34, 0x43, 0x80, 0x01, 0x00, 0x00, 0x9A, 0x21, 0xC0, 0x00, 0x00, 0x00, 0xCD, 0x10,
    0x60, 0x00, 0x00, 0x80, 0x66, 0x08, 0x30, 0x00, 0x00, 0x40, 0x33, 0x04, 0x18, 0x00, 0x00, 0xA0,
    0x19, 0x02, 0x0C, 0x00, 0x00, 0xD0, 0x0C, 0x01, 0x06, 0x00, 0x00, 0x68, 0x86, 0x00, 0x03, 0x00,
    0x00, 0x34, 0x43, 0x80, 0x01, 0x00, 0x00, 0x9A, 0x21, 0xC0, 0x00, 0x00, 0x00, 0xCD, 0x10, 0x60,
    0x00, 0x00, 0x80, 0x66, 0x08, 0x30, 0x00, 0x00, 0x40, 0x33, 0x04, 0x18, 0x00, 0x00, 0xA0, 0x19,
    0x02, 0x0C, 0x00, 0x00, 0xD0, 0x0C, 0x01, 0x06, 0x00, 0x00, 0x68, 0x86, 0x00, 0x03, 0x00, 0x00,
    0x34, 0x43, 0x80, 0x01, 0x00, 0x00, 0x9A, 0x21, 0xC0, 0x00, 0x00, 0x00, 0xCD, 0x10, 0x60, 0x00,
    0x00, 0x80, 0x66, 0x08, 0x30, 0x00, 0x00, 0x40, 0x33, 0x04, 0x18, 0x00, 0x00, 0xA0, 0x19, 0x02,
    0x0C, 0x00, 0x00, 0xD0, 0x0C, 0x01, 0x06, 0x00, 0x00, 0x68, 0x86, 0x00, 0x03, 0x00, 0x00, 0x34,
    0x43, 0x80, 0x01, 0x00, 0x00, 0x9A, 0x21, 0xC0, 0x00, 0x00, 0x00, 0xCD, 0x10, 0x60, 0x00, 0x00,
    0x80, 0x66, 0x08, 0x30, 0x00, 0x00, 0x40, 0x33, 0x04, 0x18, 0x00, 0x00, 0xA0, 0x19, 0x02, 0x0C,
    0x00, 0x00, 0xD0, 0x0C, 0x01, 0x06, 0x00, 0x00, 0x68, 0x86, 0x00, 0x03, 0x00, 0x00, 0x34, 0x43,
    0x80, 0x01, 0x00, 0x00, 0x9A, 0x21, 0xC0, 0x00, 0x00, 0x00, 0xCD, 0x10, 0x60, 0x00, 0x00, 0x80,
    0x66, 0x08, 0x30, 0x00, 0x00, 0x40, 0x33, 0x04, 0x18, 0x00, 0x00, 0xA0, 0x19, 0x02, 0x0C, 0x00,
    0x00, 0xD0, 0x0C, 0x01, 0x06, 0x00, 0x00, 0x68, 0x86, 0x00, 0x03, 0x00, 0x00, 0x34, 0x43, 0x80,
    0x01, 0x00, 0x00, 0x9A, 0x21, 0xC0, 0x00, 0x00, 0x00, 0xCD, 0x10, 0x60, 0x00, 0x00, 0x80, 0x66,
    0x08, 0x30, 0x00, 0x00, 0x40, 0x33, 0x04, 0x18, 0x00, 0x00, 0xA0, 0x19, 0x02, 0x0C, 0x00, 0x00,
    0xD0, 0x0C, 0x01, 0x06, 0x00, 0x00, 0x68, 0x86, 0x00, 0x03, 0x00, 0x00, 0x34, 0x43, 0x80, 0x01,
    0x00, 0x00, 0x9A, 0x21, 0xC0, 0x00, 0x00, 0x00, 0xCD, 0x10, 0x60, 0x00, 0x00, 0x80, 0x66, 0x08,
    0x30, 0x00, 0x00, 0x40, 0x33, 0x04, 0x18, 0x00, 0x00, 0xA0, 0x19, 0x02, 0x0C, 0x00, 0x00, 0xD0,
    0x0C, 0x01, 0x06, 0x00, 0x00, 0x68, 0x86, 0x00, 0x03, 0x00, 0x00, 0x34, 0x43, 0x80, 0x01, 0x00,
    0x00, 0x9A, 0x21, 0xC0, 0x00, 0x00, 0x00, 0xCD, 0x10, 0x60, 0x00, 0x00, 0x80, 0x66, 0x08, 0x30,
    0x00, 0x00, 0x40, 0x33, 0x04, 0x18, 0x00, 0x00, 0xA0, 0x19, 0x02, 0x0C, 0x00, 0x00, 0xD0, 0x0C,
    0x01, 0x06, 0x00, 0x00, 0x68, 0x86, 0x00, 0x03, 0x00, 0x00, 0x34, 0x43, 0x80, 0x01, 0x00, 0x00,
    0x9A, 0x21, 0xC0, 0x00, 0x00, 0x00, 0xCD, 0x10, 0x60, 0x00, 0x00, 0x80, 0x66, 0x08, 0x30, 0x00,
    0x00, 0x40, 0x33, 0x04, 0x18, 0x00, 0x00, 0xA0, 0x19, 0x02, 0x0C, 0x00, 0x00, 0xD0, 0x0C, 0x01,
    0x06, 0x00, 0x00, 0x68, 0x86, 0x00, 0x03, 0x00, 0x00, 0x34, 0x43, 0x80, 0x01, 0x00, 0x00, 0x9A,
    0x21, 0xC0, 0x00, 0x00, 0x00, 0xCD, 0x10, 0x60, 0x00, 0x00, 0x80, 0x66, 0x08, 0x30, 0x00, 0x00,
    0x40, 0x33, 0x04, 0x18, 0x00, 0x00, 0xA0, 0x19, 0x02, 0x0C, 0x00, 0x00, 0xD0, 0x0C, 0x01, 0x06,
    0x00, 0x00, 0x68, 0x86, 0x00, 0x03, 0x00, 0x00, 0x34, 0x43, 0x80, 0x01, 0x00, 0x00, 0x9A, 0x21,
    0xC0, 0x00, 0x00, 0x00, 0xCD, 0x10, 0x60, 0x00, 0x00, 0x80, 0x66, 0x08, 0x30, 0x00, 0x00, 0x40,
    0x33, 0x04, 0x18, 0x00, 0x00, 0xA0, 0x19, 0x02, 0x0C, 0x00, 0x00, 0xD0, 0x0C, 0x01, 0x06, 0x00,
    0x00, 0x68, 0x86, 0x00, 0x03, 0x00, 0x00, 0x34, 0x43, 0x80, 0x01, 0x00, 0x00, 0x9A, 0x21, 0xC0,
    0x00, 0x00, 0x00, 0xCD, 0x10, 0x60, 0x00, 0x00, 0x80, 0x66, 0x08, 0x30, 0x00, 0x00, 0x40, 0x33,
    0x04, 0x18, 0x00, 0x00, 0xA0, 0x19, 0x02, 0x0C, 0x00, 0x00, 0xD0, 0x0C, 0x01, 0x06, 0x00, 0x00,
    0x68, 0x86, 0x00, 0x03, 0x00, 0x00, 0x34, 0x43, 0x80, 0x01, 0x00, 0x00, 0x9A, 0x21, 0xC0, 0x00,
    0x00, 0x00, 0xCD, 0x10, 0x60, 0x00, 0x00, 0x80, 0x66, 0x08, 0x30, 0x00, 0x00, 0x40, 0x33, 0x04,
    0x18, 0x00, 0x00, 0xA0, 0x19, 0x02, 0x0C, 0x00, 0x00, 0xD0, 0x0C, 0x01, 0x06, 0x00, 0x00, 0x68,
    0x86, 0x00, 0x03, 0x00, 0x00, 0x34, 0x43, 0x80, 0x01, 0x00, 0x00, 0x9A, 0x21, 0xC0, 0x00, 0x00,
    0x00, 0xCD, 0x10, 0x60, 0x00, 0x00, 0x80, 0x66, 0x08, 0x30, 0x00, 0x00, 0x40, 0x33, 0x04, 0x18,
    0x00, 0x00, 0xA0, 0x19, 0x02, 0x0C, 0x00, 0x00, 0xD0, 0x0C, 0x01, 0x06, 0x00, 0x00, 0x68, 0x86,
    0x00, 0x03, 0x00, 0x00, 0x34, 0x43, 0x80, 0x01, 0x00, 0x00, 0x9A, 0x21, 0xC0, 0x00, 0x00, 0x00,
    0xCD, 0x10, 0x60, 0x00, 0x00, 0x80, 0x66, 0x08, 0x30, 0x00, 0x00, 0x40, 0x33, 0x04, 0x18, 0x00,
    0x00, 0xA0, 0x19, 0x02, 0x0C, 0x00, 0x00, 0xD0, 0x0C, 0x01, 0x06, 0x00, 0x00, 0x68, 0x86, 0x00,
    0x03, 0x00, 0x00, 0x34, 0x43, 0x80, 0x01, 0x00, 0x00, 0x9A, 0x21, 0xC0, 0x00, 0x00, 0x00, 0xCD,
    0x10, 0x60, 0x00, 0x00, 0x80, 0x66, 0x08, 0x30, 0x00, 0x00, 0x40, 0x33, 0x04, 0x18, 0x00, 0x00,
    0xA0, 0x19, 0x02, 0x0C, 0x00, 0x00, 0xD0, 0x0C, 0x01, 0x06, 0x00, 0x00, 0x68, 0x86, 0x00, 0x03,
    0x00, 0x00, 0x34, 0x43, 0x80, 0x01, 0x00, 0x00, 0x9A, 0x21, 0xC0, 0x00, 0x00, 0x00, 0xCD, 0x10,
    0x60, 0x00, 0x00, 0x80, 0x66, 0x08, 0x30, 0x00, 0x00, 0x40, 0x33, 0x04, 0x18, 0x00, 0x00, 0xA0,
    0x19, 0x02, 0x0C, 0x00, 0x00, 0xD0, 0x0C, 0x01, 0x06, 0x00, 0x00, 0x68, 0x86, 0x00, 0x03, 0x00,
    0x00, 0x34, 0x43, 0x80, 0x01, 0x00, 0x00, 0x9A, 0x21, 0xC0, 0x00, 0x00, 0x00, 0xCD, 0x10, 0x60,
    0x00, 0x00, 0x80, 0x66, 0x08, 0x30, 0x00, 0x00, 0x40, 0x33, 0x04, 0x18, 0x00, 0x00, 0xA0, 0x19,
    0x02, 0x0C, 0x00, 0x40, 0xE3, 0x16, 0xB4, 0x30, 0x94, 0x7F, 0xF2, 0x2B, 0xDC, 0x5B, 0x02, 0x0C,
    0x00, 0x40, 0xEB, 0xBE, 0x23, 0x29, 0xF4, 0xE8, 0x00, 0x87, 0x88, 0x00, 0x03, 0x00, 0xD0, 0xB8,
    0xA9, 0xC9, 0x46, 0x86, 0xE9, 0xF1, 0x85, 0x7B, 0x63, 0x41, 0xBC, 0xE6, 0x3C, 0xD3, 0x12, 0x00,
    0x40, 0x63, 0xF2, 0x90, 0xAC, 0xA9, 0x89, 0xA9, 0x38, 0x76, 0xF5, 0x48, 0xFC, 0xE2, 0xA3, 0x8E,
    0x8C, 0xA5, 0xC3, 0xFD, 0x31, 0x31, 0xD9, 0x9B, 0x65, 0x5D, 0x8E, 0xD6, 0xE2, 0xA1, 0xBE, 0x38,
    0xFF, 0xA6, 0x3D, 0xF1, 0xE7, 0x5F, 0xB8, 0x31, 0xC6, 0xCA, 0x78, 0xE7, 0x4E, 0x19, 0x45, 0x28,
    0xF7, 0x84, 0x00, 0x03, 0x00, 0xD0, 0xA0, 0xBE, 0x92, 0x00, 0x26, 0xC7, 0xA7, 0xE2, 0xC1, 0xC7,
    0x2F, 0x8D, 0x2F, 0x9C, 0x73, 0x9F, 0x18, 0x1E, 0xE8, 0xFD, 0xE3, 0xB4, 0xFE, 0xFD, 0xBA, 0x5D,
    0xF1, 0xA8, 0xBF, 0xBE, 0x20, 0xF6, 0x8E, 0x4D, 0x76, 0x02, 0x98, 0x2A, 0x94, 0x7B, 0xC0, 0x21,
    0x64, 0xB3, 0x25, 0xE7, 0xD8, 0xDC, 0x1C, 0xD1, 0xDA, 0x00, 0x00, 0xF4, 0x94, 0xDC, 0xEB, 0xB2,
    0x73, 0xFF, 0x78, 0xFD, 0x7E, 0xBC, 0x7C, 0x9F, 0x3F, 0xF7, 0xDA, 0x30, 0x3A, 0xD1, 0xA9, 0x21,
    0xF6, 0x8C, 0x3A, 0x8E, 0x8C, 0x7B, 0xCF, 0x1E, 0x98, 0xD9, 0x50, 0x66, 0xE4, 0x58, 0xB6, 0x30,
    0x62, 0xF1, 0x48, 0xF9, 0xA1, 0xA1, 0xE6, 0x9F, 0x28, 0x0B, 0x9D, 0xAD, 0xBB, 0xCB, 0xD2, 0x71,
    0xA2, 0xB3, 0xDF, 0x1A, 0x00, 0x98, 0x35, 0xDD, 0x3D, 0x30, 0x67, 0x1D, 0xBB, 0x24, 0x3E, 0xFD,
    0xAA, 0x33, 0x62, 0xD5, 0xA2, 0x81, 0xBA, 0x7D, 0xB4, 0x17, 0x57, 0xD1, 0x19, 0xAC, 0x06, 0xCA,
    0x08, 0x7F, 0xF1, 0xCA, 0x1D, 0xF1, 0xC4, 0xD7, 0x5F, 0x14, 0x7B, 0xC7, 0xED, 0x81, 0xE1, 0x9E,
    0x13, 0x60, 0x66, 0x5A, 0x2E, 0x6D, 0xF6, 0x8D, 0x45, 0x3C, 0xF0, 0xB8, 0x88, 0x33, 0x36, 0x76,
    0x42, 0x41, 0xAF, 0x87, 0x81, 0x5C, 0xBA, 0xF4, 0xF5, 0x45, 0xEC, 0xDE, 0x1B, 0xF1, 0x85, 0x4B,
    0x22, 0xB6, 0xED, 0x89, 0xB2, 0x14, 0xB2, 0x05, 0x05, 0x00, 0x66, 0xD1, 0xC1, 0x01, 0xE6, 0xDC,
    0x12, 0x60, 0x56, 0x66, 0x80, 0x29, 0x8F, 0xF7, 0x62, 0x55, 0x91, 0x7B, 0x61, 0xFA, 0x05, 0x18,
    0x0E, 0x11, 0x87, 0x90, 0xCD, 0xA6, 0x5C, 0xC2, 0xE4, 0xD2, 0x27, 0xBF, 0xB6, 0x30, 0x74, 0xFE,
    0x01, 0x00, 0x80, 0x59, 0x23, 0xC0, 0x00, 0x00, 0x00, 0xCD, 0x10, 0x60, 0x66, 0x43, 0x73, 0xBB,
    0x4B, 0xED, 0x79, 0x01, 0x00, 0xA0, 0x37, 0x08, 0x30, 0x00, 0x00, 0x40, 0x33, 0x04, 0x18, 0x00,
    0x00, 0xA0, 0x19, 0x02, 0x0C, 0xC0, 0x0C, 0xCB, 0x2B, 0xEF, 0xD4, 0xEB, 0x77, 0xF4, 0xF0, 0xD0,
    0x1D, 0x3F, 0x00, 0xE8, 0x35, 0x02, 0x0C, 0xC0, 0x0C, 0x9B, 0x9A, 0x8C, 0x98, 0x9C, 0x9C, 0x2A,
    0x5F, 0x7B, 0x77, 0xE8, 0x8C, 0xDF, 0xF4, 0x08, 0x03, 0x40, 0x0F, 0x71, 0x1F, 0x98, 0x99, 0x96,
    0x9B, 0x35, 0xF7, 0x8E, 0x45, 0x9C, 0x75, 0x5C, 0xC4, 0x99, 0x1B, 0xDB, 0xB8, 0xBB, 0x7D, 0x8E,
    0x62, 0x8E, 0xF7, 0xAE, 0x7D, 0x11, 0x5F, 0xB8, 0xD8, 0x7D, 0x60, 0xE0, 0x5E, 0xE8, 0x5B, 0xB0,
    0x20, 0x56, 0x2F, 0x1E, 0xA8, 0xF7, 0x43, 0x98, 0xEA, 0xE1, 0x1B, 0x20, 0xE4, 0xCE, 0x97, 0x5C,
    0x3C, 0x6D, 0xDB, 0x3B, 0x1E, 0xA3, 0xE3, 0xE5, 0x1B, 0x7B, 0x63, 0xA0, 0xE7, 0xE4, 0xAA, 0xD9,
    0x7D, 0x60, 0x98, 0x8F, 0x04, 0x98, 0x99, 0x26, 0xC0, 0xC0, 0xBC, 0x54, 0x57, 0xD4, 0x93, 0x11,
    0xAB, 0x97, 0x0C, 0xC6, 0x87, 0x5F, 0x76, 0x6A, 0x9C, 0xB8, 0x66, 0xA4, 0x2C, 0x0A, 0x26, 0xEB,
    0xAC, 0xD5, 0x6B, 0x72, 0xB1, 0x34, 0xD4, 0xBF, 0x20, 0x6E, 0xDD, 0x35, 0x16, 0x3F, 0xF7, 0xFE,
    0x2B, 0xE3, 0x2B, 0x97, 0x6F, 0x8F, 0xFE, 0xE1, 0xFE, 0x5A, 0x80, 0x00, 0xBD, 0x43, 0x80, 0x61,
    0xBE, 0x12, 0x60, 0x66, 0x9A, 0x00, 0x03, 0xF3, 0x52, 0x27, 0xC0, 0x4C, 0xC5, 0xFA, 0x65, 0xC3,
    0xF1, 0xF5, 0x5F, 0xBE, 0x5F, 0x1C, 0xB1, 0x6C, 0x70, 0xFA, 0x37, 0xBD, 0x6B, 0xE7, 0xFE, 0x89,
    0xF8, 0x89, 0x37, 0x5F, 0x12, 0xFF, 0x7C, 0xC1, 0x96, 0x18, 0x18, 0x19, 0x88, 0x71, 0x01, 0x06,
    0x7A, 0x8A, 0x00, 0xC3, 0x7C, 0xE5, 0x1C, 0x18, 0x80, 0x19, 0x94, 0x87, 0x8D, 0xE5, 0x8A, 0x3B,
    0xE5, 0x0A, 0x3D, 0x57, 0xDE, 0xBD, 0x36, 0x74, 0xF7, 0xB4, 0xE4, 0x1E, 0xA2, 0xC9, 0x3A, 0xAA,
    0xBD, 0x58, 0x0E, 0x01, 0x30, 0x5F, 0x09, 0x30, 0x00, 0x33, 0xAC, 0x1B, 0x07, 0x16, 0x2C, 0x58,
    0x50, 0xB7, 0x40, 0xF6, 0xDE, 0x50, 0xFE, 0xA9, 0xE3, 0x97, 0xFF, 0xD4, 0x6F, 0x01, 0xA0, 0x67,
    0x08, 0x30, 0x00, 0x00, 0x40, 0x33, 0x04, 0x18, 0x00, 0x00, 0xA0, 0x19, 0x02, 0x0C, 0x00, 0x00,
    0xD0, 0x0C, 0x01, 0x06, 0x00, 0x00, 0x68, 0x86, 0x00, 0x03, 0x00, 0x00, 0x34, 0x43, 0x80, 0x01,
    0x00, 0x00, 0x9A, 0x21, 0xC0, 0x00, 0x00, 0x00, 0xCD, 0x10, 0x60, 0x00, 0x00, 0x80, 0x66, 0x08,
    0x30, 0x00, 0x00, 0x40, 0x33, 0x04, 0x18, 0x00, 0x00, 0xA0, 0x19, 0x02, 0x0C, 0x00, 0x00, 0xD0,
    0x0C, 0x01, 0x06, 0x00, 0x00, 0x68, 0x86, 0x00, 0x03, 0x00, 0x00, 0x34, 0x43, 0x80, 0x01, 0x00,
    0x00, 0x9A, 0x21, 0xC0, 0x00, 0x00, 0x00, 0xCD, 0x10, 0x60, 0x00, 0x00, 0x80, 0x66, 0x08, 0x30,
    0x00, 0x00, 0x40, 0x33, 0x04, 0x18, 0x00, 0x00, 0xA0, 0x19, 0x02, 0x0C, 0x00, 0x00, 0xD0, 0x0C,
    0x01, 0x06, 0x00, 0x00, 0x68, 0x86, 0x00, 0x03, 0x00, 0x00, 0x34, 0x43, 0x80, 0x01, 0x00, 0x00,
    0x9A, 0x21, 0xC0, 0x00, 0x00, 0x00, 0xCD, 0x10, 0x60, 0x00, 0x00, 0x80, 0x66, 0x08, 0x30, 0x00,
    0x00, 0x40, 0x33, 0x04, 0x18, 0x00, 0x00, 0xA0, 0x19, 0x02, 0x0C, 0x00, 0x00, 0xD0, 0x0C, 0x01,
    0x06, 0x00, 0x00, 0x68, 0x86, 0x00, 0x03, 0x00, 0x00, 0x34, 0x43, 0x80, 0x99, 0x0D, 0x0B, 0xA6,
    0xBF, 0x36, 0x63, 0x6A, 0xFA, 0x2B, 0x00, 0x00, 0xCC, 0x2E, 0x01, 0x66, 0x36, 0x64, 0x1E, 0x58,
    0x50, 0x52, 0x4C, 0x2B, 0x43, 0xDF, 0xF4, 0x90, 0xDF, 0x03, 0x00, 0xC0, 0x2C, 0x12, 0x60, 0x66,
    0x43, 0xE6, 0x80, 0x89, 0xC9, 0x88, 0xF1, 0x89, 0x88, 0xB1, 0x32, 0xE4, 0xD7, 0x5E, 0x1E, 0x72,
    0x1C, 0xBB, 0xE3, 0x09, 0x00, 0x00, 0xB3, 0x68, 0x41, 0xBC, 0xE6, 0x3C, 0xC7, 0x07, 0xCD, 0xB4,
    0xC9, 0xD2, 0xE4, 0x4B, 0x47, 0x22, 0x16, 0x0F, 0x97, 0x1F, 0x1A, 0x6A, 0xFE, 0x89, 0x32, 0xAE,
    0xDB, 0xF6, 0x74, 0x82, 0x8C, 0xBD, 0x31, 0x70, 0xB7, 0xE4, 0x2C, 0x33, 0x55, 0xE6, 0xFD, 0x75,
    0x4B, 0x87, 0xE2, 0xAB, 0xBF, 0x78, 0xDF, 0x38, 0x6E, 0xD5, 0x70, 0x5D, 0x14, 0xE4, 0xCE, 0xCD,
    0x5E, 0xD3, 0x1D, 0xAF, 0xDB, 0x76, 0x8F, 0xC5, 0x73, 0xDE, 0x76, 0x59, 0x7C, 0xEE, 0xC2, 0xAD,
    0x31, 0x30, 0xD2, 0x1F, 0xE3, 0xF9, 0x0B, 0xA0, 0x67, 0xE4, 0x7C, 0x3A, 0x39, 0x3E, 0x15, 0x67,
    0x1D, 0xBB, 0x24, 0xCE, 0x7D, 0xD5, 0x19, 0xB1, 0x72, 0xD1, 0x40, 0xE7, 0x20, 0x8F, 0xCE, 0xAF,
    0x7B, 0xCA, 0x44, 0x59, 0x7E, 0xF4, 0x97, 0x11, 0xFE, 0xE2, 0x95, 0x3B, 0xE2, 0x89, 0xAF, 0xBF,
    0x28, 0xF6, 0x8E, 0x4F, 0x76, 0x96, 0x8B, 0x16, 0x2B, 0xDC, 0x03, 0x02, 0xCC, 0x6C, 0xC9, 0x39,
    0xB6, 0xC5, 0x96, 0xEF, 0xC5, 0x6A, 0x0B, 0x1A, 0x20, 0xC0, 0x00, 0x87, 0x9A, 0x00, 0xC3, 0x7C,
    0xE5, 0x10, 0xB2, 0xD9, 0x92, 0x73, 0x6D, 0x7F, 0x83, 0x03, 0x00, 0x00, 0xCC, 0x22, 0x01, 0x66,
    0x36, 0xE5, 0x56, 0x87, 0xD6, 0x06, 0x00, 0x00, 0x98, 0x45, 0x02, 0x0C, 0x00, 0x00, 0xD0, 0x0C,
    0x01, 0x06, 0x00, 0x00, 0x68, 0x86, 0x00, 0x03, 0x00, 0x00, 0x34, 0x43, 0x80, 0x01, 0x00, 0x00,
    0x9A, 0x21, 0xC0, 0x00, 0x00, 0x00, 0xCD, 0x10, 0x60, 0x00, 0x00, 0x80, 0x66, 0x08, 0x30, 0x00,
    0x00, 0x40, 0x33, 0x04, 0x18, 0x00, 0x00, 0xA0, 0x19, 0x02, 0x0C, 0x00, 0x00, 0xD0, 0x0C, 0x01,
    0x06, 0x00, 0x00, 0x68, 0x86, 0x00, 0x03, 0x00, 0x00, 0x34, 0x43, 0x80, 0x01, 0x00, 0x00, 0x9A,
    0x21, 0xC0, 0x00, 0x00, 0x00, 0xCD, 0x10, 0x60, 0x00, 0x00, 0x80, 0x66, 0x08, 0x30, 0x00, 0x00,
    0x40, 0x33, 0x04, 0x18, 0x00, 0x00, 0xA0, 0x19, 0x02, 0x0C, 0x00, 0x00, 0xD0, 0x0C, 0x01, 0x06,
    0xE6, 0xA1, 0x05, 0x77, 0x71, 0x00, 0xE6, 0x37, 0xCB, 0x01, 0xA0, 0x17, 0x09, 0x30, 0x30, 0x47,
    0x2D, 0x28, 0x95, 0x47, 0x5F, 0xF9, 0xA7, 0xBF, 0x6F, 0x41, 0x0C, 0x4C, 0x0F, 0xF9, 0x7D, 0xF9,
    0xFF, 0x40, 0x55, 0x32, 0xF5, 0x3D, 0x86, 0xAA, 0xFE, 0x7D, 0x7C, 0xC7, 0xDF, 0x1F, 0xFC, 0x1A,
    0xD3, 0x2F, 0x01, 0x34, 0xE6, 0x8E, 0xCB, 0x86, 0xC1, 0xFE, 0x6F, 0xCF, 0xDB, 0xFD, 0xE5, 0xF1,
    0xFC, 0x5D, 0xCE, 0xE3, 0x39, 0x74, 0x9E, 0xDB, 0x1D, 0x3A, 0xBF, 0xFF, 0xDE, 0x7F, 0x67, 0xB9,
    0x00, 0xCC, 0x0C, 0x01, 0x06, 0xE6, 0x80, 0x6E, 0x91, 0x91, 0x85, 0x44, 0x16, 0x15, 0x43, 0x65,
    0xC8, 0x24, 0x32, 0x39, 0x3E, 0x19, 0x13, 0x7B, 0xC7, 0x63, 0x7C, 0xF7, 0x58, 0x8C, 0xEF, 0x19,
    0x8F, 0x89, 0x7D, 0xE3, 0x31, 0x39, 0x36, 0x19, 0x53, 0x13, 0x53, 0x31, 0x75, 0x50, 0x5A, 0xC9,
    0xBF, 0x3F, 0xB8, 0xF0, 0xC8, 0xDF, 0x4D, 0x8D, 0x4F, 0xD5, 0xE7, 0x4E, 0xEC, 0x9B, 0xA8, 0x7F,
    0x7B, 0xE0, 0x35, 0xF6, 0x4F, 0xC4, 0x64, 0xF9, 0xFB, 0xBE, 0xF2, 0x5E, 0xF9, 0x3E, 0xDD, 0x22,
    0x26, 0x8B, 0x9B, 0x3B, 0xBE, 0x0E, 0x30, 0x3B, 0x72, 0x3E, 0xBC, 0xB3, 0xE5, 0x42, 0x7E, 0xCD,
    0xF9, 0xBB, 0x2E, 0x1B, 0xA6, 0xE7, 0xED, 0xB1, 0x9D, 0x65, 0xDE, 0x2E, 0xF3, 0x77, 0x2E, 0x2B,
    0xEA, 0xFC, 0x3D, 0x9A, 0xC3, 0x64, 0x99, 0xFF, 0xCB, 0x32, 0x60, 0x7A, 0x39, 0x50, 0x7F, 0x2E,
    0x8F, 0x4F, 0xE4, 0x30, 0xBD, 0x4C, 0xF9, 0x8E, 0xBF, 0x1B, 0x2B, 0x7F, 0x33, 0xF9, 0xDD, 0xCB,
    0x85, 0x7C, 0xEF, 0x1C, 0x87, 0x1C, 0x17, 0x80, 0x43, 0x65, 0x41, 0xBC, 0xE6, 0xBC, 0xE9, 0x12,
    0x06, 0x68, 0x4D, 0x16, 0x07, 0x59, 0x17, 0x8C, 0x97, 0xC2, 0x21, 0x72, 0x28, 0xC5, 0x46, 0xF9,
    0xA1, 0x7E, 0xDF, 0xB7, 0x6C, 0x30, 0x8E, 0x59, 0x31, 0x12, 0x47, 0x2D, 0x1F, 0x2C, 0xC3, 0x70,
    0x2C, 0x5F, 0xD8, 0x1F, 0x8B, 0x07, 0xFB, 0x62, 0xC9, 0x70, 0x7F, 0x2C, 0x1A, 0xEA, 0x8F, 0xC1,
    0xE9, 0xE2, 0x62, 0xA0, 0xAF, 0x14, 0x39, 0xE5, 0xEB, 0x54, 0xA9, 0x6A, 0xF2, 0x4F, 0xF3, 0xEB,
    0x58, 0x09, 0x28, 0xFB, 0xCB, 0x6B, 0xED, 0x2B, 0x0F, 0xEC, 0x2B, 0xC5, 0xCB, 0x9E, 0x32, 0x6C,
    0x2B, 0x45, 0xCA, 0xED, 0xBB, 0x73, 0x18, 0x8B, 0x9B, 0xB6, 0x8F, 0xC5, 0x2D, 0xDB, 0xF6, 0x45,
    0x94, 0xC7, 0xCA, 0x8B, 0x44, 0x0C, 0xD4, 0x2A, 0xA9, 0x56, 0x4B, 0x7D, 0xF5, 0xCB, 0x82, 0x32,
    0x0A, 0xA5, 0xF0, 0xB1, 0x74, 0x39, 0x20, 0x0B, 0xB8, 0xA9, 0xD2, 0x20, 0xEB, 0x96, 0x0E, 0xC5,
    0x57, 0x7F, 0xF1, 0xBE, 0x71, 0xDC, 0xAA, 0xE1, 0xDA, 0x3E, 0xA5, 0xC9, 0x7A, 0x4E, 0x77, 0xBC,
    0x6E, 0x2B, 0x7D, 0xFD, 0x9C, 0xB7, 0x5D, 0x16, 0x9F, 0xBB, 0x70, 0x6B, 0x0C, 0x8C, 0xF4, 0x77,
    0xA6, 0x33, 0x7A, 0x5A, 0xF6, 0xDB, 0x81, 0xF9, 0xAF, 0xCC, 0xCF, 0xB5, 0x33, 0xCB, 0xFC, 0x1C,
    0x13, 0xE5, 0x87, 0x5C, 0x3E, 0x94, 0x60, 0x31, 0xBC, 0x6C, 0x28, 0x36, 0x94, 0xE5, 0xC3, 0xFA,
    0x32, 0x2D, 0xAE, 0x5C, 0x34, 0x10, 0xCB, 0x4B, 0xDF, 0x2E, 0x1E, 0xEA, 0xAB, 0xCB, 0x87, 0xC1,
    0xB2, 0x40, 0xC8, 0xBD, 0x29, 0xB9, 0x5C, 0xE8, 0x2F, 0x33, 0x73, 0xBE, 0xDE, 0x44, 0x79, 0x8D,
    0x7C, 0xBD, 0xCE, 0xA2, 0x25, 0x97, 0x0D, 0x93, 0xB1, 0x77, 0x7A, 0xB9, 0xB0, 0x73, 0x5F, 0x59,
    0x36, 0xEC, 0x1B, 0x8F, 0xDB, 0x4A, 0x98, 0xB9, 0x79, 0xD7, 0x58, 0x6C, 0xDF, 0x39, 0x5A, 0x96,
    0x0B, 0x13, 0x65, 0x24, 0xCA, 0x7B, 0x77, 0x97, 0x0D, 0x9D, 0x91, 0xAA, 0xCB, 0x9B, 0xF2, 0x5D,
    0x67, 0xDC, 0x4C, 0x4A, 0x87, 0x44, 0x36, 0x6D, 0x86, 0xCC, 0xB3, 0x8E, 0x5D, 0x12, 0xE7, 0xBE,
    0xEA, 0x8C, 0xDA, 0x9F, 0xD9, 0xB4, 0xD9, 0xCE, 0xBD, 0x26, 0xA7, 0xA3, 0x9C, 0x06, 0xBE, 0x78,
    0xE5, 0x8E, 0x78, 0xE2, 0xEB, 0x2F, 0x2A, 0xAB, 0x8F, 0xC9, 0xCE, 0x72, 0xD1, 0xB4, 0xC0, 0x3D,
    0x20, 0xC0, 0xCC, 0xB2, 0x5E, 0x5C, 0xC8, 0x7C, 0x2F, 0x33, 0x31, 0xA1, 0xB4, 0xD2, 0x1E, 0xB3,
    0x39, 0xD3, 0xD4, 0x36, 0xEA, 0x2E, 0xF4, 0x47, 0x6B, 0xE2, 0x88, 0xE1, 0xC5, 0x19, 0x52, 0x86,
    0xE2, 0xC4, 0x35, 0x23, 0x71, 0xDA, 0xFA, 0x85, 0x71, 0xEA, 0xDA, 0x85, 0x71, 0xDC, 0xEA, 0xE1,
    0xD8, 0x50, 0x0A, 0x94, 0x0D, 0xA5, 0x58, 0x59, 0xBF, 0x74, 0x30, 0xFF, 0xEA, 0x5E, 0xDB, 0xB1,
    0x6F, 0x22, 0xB6, 0xEC, 0x19, 0x8F, 0x9B, 0x4B, 0xB1, 0x72, 0xE3, 0xF6, 0xFD, 0x71, 0xDD, 0xF6,
    0xD1, 0xB8, 0x7A, 0xCB, 0xBE, 0xB8, 0xF4, 0x96, 0x7D, 0xF1, 0xAD, 0xCD, 0x7B, 0xE3, 0xD6, 0x5D,
    0xE3, 0xB1, 0xAD, 0x14, 0x31, 0x51, 0x0A, 0x9B, 0x92, 0x90, 0x62, 0x41, 0x29, 0x96, 0xEA, 0x08,
    0x97, 0x71, 0x9D, 0xEF, 0x0B, 0x9A, 0x16, 0x03, 0x4C, 0x86, 0xD5, 0x0C, 0x30, 0x9F, 0x9D, 0x0E,
    0x30, 0x59, 0x80, 0xCC, 0xA4, 0xF9, 0x3E, 0xCD, 0xDC, 0x15, 0x07, 0x26, 0x9F, 0x9C, 0xBE, 0xB2,
    0xC1, 0x32, 0x65, 0x64, 0x50, 0x29, 0x81, 0x64, 0xE5, 0x92, 0xC1, 0x58, 0x5D, 0x0A, 0xDA, 0x63,
    0x57, 0x0E, 0xC7, 0xC9, 0x65, 0x99, 0x70, 0x7C, 0x99, 0xE6, 0x36, 0x94, 0xE5, 0xC4, 0xFA, 0xF2,
    0x78, 0x2E, 0x13, 0xD6, 0x96, 0xE5, 0xC6, 0xF2, 0x85, 0x03, 0x35, 0xBC, 0xDC, 0x53, 0xFB, 0xCA,
    0x7B, 0xED, 0x28, 0x01, 0x66, 0xF3, 0xEE, 0x12, 0x62, 0xCA, 0xF4, 0x72, 0x5B, 0x99, 0xFF, 0x6F,
    0x2D, 0xC3, 0x75, 0x5B, 0x47, 0xE3, 0xCA, 0xB2, 0x6C, 0xB8, 0x72, 0xF3, 0xBE, 0xB8, 0x79, 0xC7,
    0x58, 0x59, 0x6E, 0x8C, 0xC5, 0xEE, 0xF2, 0x9C, 0x1A, 0xA6, 0xCA, 0xB2, 0x21, 0x83, 0x54, 0xCE,
    0x13, 0xDD, 0x4E, 0xD6, 0xD7, 0xF7, 0x8C, 0x00, 0xC3, 0x7C, 0x25, 0xC0, 0xCC, 0xA6, 0x6C, 0xF9,
    0x2C, 0x08, 0x7A, 0xB9, 0x07, 0xEA, 0x0A, 0xA6, 0x8C, 0x60, 0x2E, 0x25, 0x67, 0xA2, 0xD2, 0xCA,
    0x95, 0x5B, 0x2F, 0xB7, 0x47, 0x57, 0xAE, 0xEF, 0x67, 0xA2, 0x3D, 0x8A, 0xBA, 0x92, 0x2F, 0xA6,
    0x4A, 0x5D, 0x72, 0x60, 0xB3, 0x65, 0x69, 0xA7, 0x85, 0x8B, 0x07, 0xE2, 0x19, 0xF7, 0x5D, 0x15,
    0x8F, 0x3B, 0x79, 0x45, 0x1C, 0xBF, 0x7A, 0xA4, 0x6E, 0x51, 0xCD, 0x82, 0x24, 0x57, 0x60, 0x77,
    0x94, 0x7F, 0x95, 0xDD, 0x38, 0x95, 0xDF, 0x1D, 0xD4, 0xBE, 0x07, 0x7D, 0xFB, 0x1D, 0xBE, 0xE3,
    0x93, 0x95, 0x1F, 0xF2, 0xE7, 0xDC, 0x76, 0xDA, 0x1D, 0x97, 0x3B, 0xDA, 0xBE, 0xB7, 0x14, 0x30,
    0x25, 0xD8, 0xE4, 0x1E, 0x9A, 0x0C, 0x37, 0xDF, 0xBC, 0x71, 0x77, 0x7C, 0xF4, 0xC2, 0x2D, 0xF1,
    0x6F, 0xD7, 0xEC, 0xCA, 0xB5, 0xD6, 0xB7, 0x3F, 0x44, 0x69, 0xB7, 0x05, 0xF9, 0x7D, 0xFE, 0xF8,
    0x9D, 0xA3, 0x32, 0xE7, 0xD5, 0x15, 0x75, 0xE9, 0xBF, 0xD6, 0xF6, 0xC0, 0x3C, 0xE3, 0xCD, 0x97,
    0xC6, 0x97, 0x2E, 0xD8, 0x12, 0xB1, 0xB0, 0xBF, 0xF4, 0xE5, 0xF4, 0x13, 0x66, 0x4A, 0x37, 0x00,
    0x53, 0xD5, 0xA6, 0x98, 0x6E, 0x8F, 0xBA, 0x3C, 0xE8, 0xCC, 0xD4, 0x1D, 0xA5, 0xD3, 0x16, 0x96,
    0x79, 0xFF, 0x51, 0x27, 0x2E, 0x8B, 0xC7, 0x9D, 0xB2, 0x22, 0x36, 0xAD, 0x1B, 0x89, 0xB5, 0x25,
    0xA8, 0xAC, 0x59, 0xD4, 0x59, 0x26, 0xAC, 0x28, 0x41, 0xE5, 0x7B, 0x4D, 0x6B, 0xDF, 0x7E, 0x99,
    0xBA, 0x84, 0xF8, 0xF6, 0x6B, 0xDE, 0x99, 0x03, 0x5D, 0xD2, 0xD9, 0x9B, 0xF2, 0xBD, 0x96, 0x09,
    0x29, 0xF7, 0xD2, 0x6C, 0x2F, 0xE1, 0x66, 0xEB, 0xEE, 0x89, 0xB8, 0xBD, 0x04, 0x98, 0x5C, 0x36,
    0x9C, 0x7F, 0xD3, 0xEE, 0xF8, 0xDC, 0xE5, 0x3B, 0xE2, 0xBC, 0xAB, 0x76, 0xC4, 0x54, 0x6E, 0xE8,
    0xE8, 0x8E, 0xD4, 0xF4, 0x8B, 0x2D, 0xE8, 0x66, 0xA9, 0x03, 0xE3, 0xC4, 0xF7, 0x93, 0xCD, 0x27,
    0xC0, 0x30, 0x1F, 0x09, 0x30, 0xB3, 0x20, 0x17, 0x2C, 0x79, 0x98, 0xCE, 0x86, 0xE5, 0xC3, 0xF1,
    0xF8, 0x53, 0x96, 0xD7, 0xDD, 0xF5, 0xBD, 0xDA, 0x09, 0x59, 0xC8, 0x8C, 0x0C, 0x2C, 0x88, 0x6F,
    0x6D, 0xDE, 0x17, 0xFF, 0x72, 0xC5, 0xF6, 0x9A, 0x2F, 0x0E, 0x8B, 0xF2, 0xBA, 0x8B, 0x87, 0xFB,
    0xE2, 0x29, 0xA7, 0xAD, 0xAC, 0x87, 0x38, 0xF5, 0xEA, 0x02, 0x2D, 0x47, 0x2B, 0x57, 0x18, 0xFF,
    0x79, 0xFD, 0xEE, 0xF8, 0xC6, 0xF5, 0xBB, 0xEA, 0x1E, 0x86, 0xC3, 0x35, 0xAE, 0xF9, 0x3E, 0xF9,
    0xD2, 0x79, 0x2E, 0x4A, 0x76, 0xC4, 0x82, 0xA1, 0xBE, 0x38, 0xB1, 0x04, 0x95, 0xFB, 0x1F, 0xB5,
    0x38, 0x7E, 0xF4, 0xF4, 0x95, 0xF1, 0xB8, 0x4D, 0x2B, 0x62, 0x5D, 0x09, 0x2C, 0x03, 0x59, 0xE4,
    0xDD, 0x41, 0xF7, 0x50, 0x9F, 0xFC, 0x4D, 0x06, 0x86, 0xFA, 0x8C, 0xE9, 0xA7, 0x7D, 0xF7, 0xB3,
    0xBF, 0xBF, 0x03, 0x1F, 0xAF, 0x7C, 0xD3, 0xF9, 0xBE, 0x73, 0xFE, 0x4C, 0xF7, 0xF1, 0x3C, 0xCE,
    0xFD, 0xCE, 0xEC, 0x19, 0x9D, 0x8C, 0x1B, 0x76, 0x8C, 0xC6, 0xB9, 0x97, 0x6E, 0x8B, 0xCF, 0x5C,
    0xB6, 0x3D, 0x2E, 0xBC, 0x79, 0x4F, 0x5C, 0xB5, 0x65, 0x5F, 0x8C, 0xED, 0x9F, 0xAE, 0x82, 0xA7,
    0x0F, 0x55, 0x99, 0x9C, 0x7E, 0xBD, 0xB9, 0xAE, 0xAE, 0xA8, 0x4B, 0xBF, 0xB4, 0x10, 0x60, 0xB2,
    0x3F, 0x72, 0x7C, 0x77, 0x96, 0xBE, 0x7A, 0xDD, 0x79, 0x37, 0xC7, 0xD7, 0x6F, 0xD8, 0x1D, 0x0B,
    0x07, 0xFB, 0xEA, 0xF8, 0xCE, 0x84, 0xEE, 0xDB, 0x7C, 0xF2, 0xE2, 0xAD, 0x71, 0x6B, 0x1E, 0x92,
    0x94, 0x23, 0x33, 0x8F, 0x75, 0xA6, 0x91, 0xCE, 0x61, 0x61, 0x75, 0xEF, 0x4A, 0x7E, 0x2D, 0xFD,
    0xB1, 0x6E, 0xE9, 0x60, 0x9C, 0x54, 0x96, 0x09, 0x0F, 0x38, 0x7A, 0x71, 0x3C, 0x69, 0xD3, 0xCA,
    0xF8, 0xA1, 0x63, 0x96, 0xD4, 0xC3, 0xC1, 0x46, 0x72, 0x0F, 0xC7, 0x9D, 0xC8, 0x02, 0xB2, 0xCE,
    0x6B, 0xE5, 0xF5, 0xF2, 0x25, 0x0F, 0x2C, 0x1B, 0xD2, 0x1D, 0x9A, 0xF8, 0x0E, 0x3F, 0x56, 0xDD,
    0x7E, 0xF9, 0x0E, 0x39, 0x3A, 0xF5, 0x4B, 0xE7, 0x9B, 0xEE, 0x73, 0x72, 0xDE, 0xFE, 0x5E, 0xDD,
    0x96, 0xCB, 0x86, 0xDC, 0xE0, 0xF1, 0xA5, 0x52, 0xC8, 0x7E, 0xE6, 0xF2, 0x6D, 0x71, 0xC1, 0x4D,
    0x7B, 0xE2, 0xCA, 0xCD, 0xFB, 0xEB, 0x1E, 0xBF, 0xBA, 0xF7, 0x36, 0x3F, 0x70, 0x59, 0xAE, 0x75,
    0xD6, 0x8D, 0x0E, 0x37, 0xFB, 0x7E, 0xB2, 0xA9, 0x04, 0x18, 0xE6, 0x23, 0x01, 0x66, 0x16, 0xD4,
    0x19, 0x76, 0x6C, 0x2A, 0x7E, 0xE4, 0xD4, 0x15, 0xF1, 0xE9, 0xB2, 0xC0, 0xC9, 0xC3, 0x84, 0x7B,
    0xDD, 0xC7, 0x2F, 0xDA, 0x5A, 0xB7, 0xC4, 0x8E, 0x4E, 0x1C, 0xFA, 0x05, 0x4E, 0x2E, 0x68, 0xB3,
    0xB0, 0xDB, 0xB8, 0x6A, 0x24, 0xFE, 0xF5, 0x17, 0xEE, 0x13, 0x47, 0x2E, 0x1F, 0xEA, 0xFC, 0xA2,
    0x87, 0xFD, 0xD6, 0xA7, 0xAE, 0x8B, 0xDF, 0xFB, 0xD8, 0x35, 0xD1, 0x7F, 0x18, 0x0E, 0xAB, 0xE9,
    0x5E, 0x01, 0x68, 0x7C, 0xB4, 0x14, 0xFA, 0xE5, 0xFB, 0xA5, 0x65, 0x85, 0x74, 0xE6, 0x86, 0x45,
    0x71, 0xCE, 0xD9, 0x47, 0xC4, 0x13, 0x4F, 0x5D, 0x59, 0x0F, 0x09, 0x39, 0x58, 0x7D, 0xF7, 0xF2,
    0x4F, 0x7E, 0xCD, 0xB6, 0xCC, 0x7F, 0xEA, 0xD7, 0x19, 0x72, 0xF0, 0xFB, 0xA7, 0x7C, 0xEF, 0x9C,
    0x46, 0x0E, 0x96, 0xBF, 0xCB, 0x73, 0x68, 0xFE, 0xF5, 0xEA, 0x9D, 0xF1, 0xDA, 0x2F, 0xDF, 0x1C,
    0xFF, 0x7E, 0xED, 0xAE, 0x7A, 0xA8, 0xC9, 0xE4, 0xBE, 0xF2, 0x19, 0x4B, 0xB1, 0x35, 0x58, 0x86,
    0x0C, 0x5D, 0x73, 0x79, 0x45, 0x56, 0xE7, 0x9B, 0xF2, 0x19, 0x5B, 0x08, 0x30, 0xBD, 0xE2, 0x91,
    0x7F, 0x7D, 0x41, 0x7C, 0xF1, 0xB2, 0x6D, 0xB1, 0xA0, 0x84, 0xDD, 0x39, 0x3C, 0x69, 0xDC, 0xA9,
    0x9C, 0x2C, 0xEA, 0xB2, 0xA0, 0xAC, 0x1F, 0xC6, 0xF2, 0x50, 0xD1, 0xDC, 0x7A, 0x34, 0xD4, 0x17,
    0xAB, 0x17, 0x0F, 0xC4, 0xA6, 0xB5, 0x0B, 0xE3, 0xE5, 0x0F, 0x59, 0x1F, 0x8F, 0xDF, 0xB4, 0x22,
    0xD6, 0x94, 0x9F, 0x33, 0x5C, 0xDE, 0x51, 0x77, 0x5E, 0xCA, 0x2F, 0x75, 0x12, 0x2B, 0xFF, 0xCC,
    0xE4, 0xA4, 0x56, 0xDF, 0xBE, 0xFC, 0x33, 0x3D, 0x1A, 0x07, 0xDE, 0xFB, 0x8E, 0xCB, 0x86, 0xB4,
    0xBB, 0x7C, 0xBE, 0x3C, 0xEC, 0xEC, 0x23, 0x17, 0x6C, 0x89, 0x77, 0xFE, 0xC7, 0x6D, 0x75, 0x83,
    0xD9, 0x96, 0x3C, 0xDC, 0x6C, 0xAC, 0x2C, 0x1F, 0x4A, 0xDF, 0xE7, 0xF2, 0x21, 0xCF, 0xE7, 0xC9,
    0x00, 0xD7, 0x7D, 0x3D, 0x3A, 0x04, 0x18, 0xE6, 0xAB, 0x06, 0x4A, 0xE7, 0x39, 0x2A, 0x67, 0xDA,
    0xF2, 0x5F, 0xAF, 0x9F, 0x14, 0xDB, 0x1D, 0xBF, 0x89, 0xBA, 0x84, 0x39, 0xFC, 0xE3, 0xDA, 0xCB,
    0xED, 0x51, 0x5B, 0x60, 0x7A, 0xF4, 0xEA, 0x96, 0xD0, 0x43, 0x2C, 0x17, 0xE4, 0xB9, 0x37, 0x23,
    0xAF, 0x0E, 0x94, 0x57, 0xF6, 0x39, 0xF1, 0x88, 0x12, 0x5A, 0x1E, 0x75, 0x64, 0x7C, 0xF0, 0xA7,
    0x4E, 0x8D, 0x2F, 0xFF, 0xFC, 0x7D, 0xE2, 0xF9, 0x0F, 0x5C, 0xFB, 0x1D, 0xE1, 0xA5, 0x3B, 0x06,
    0xB9, 0xA2, 0xCA, 0xBF, 0xCD, 0x15, 0x59, 0x7E, 0xCD, 0x9F, 0x67, 0xD2, 0xC1, 0xEF, 0xDF, 0x1D,
    0x87, 0x54, 0xDB, 0xAB, 0xF3, 0x6D, 0x7D, 0xCE, 0xCA, 0x85, 0x03, 0xF1, 0xE4, 0xD3, 0x56, 0xC6,
    0x47, 0x5F, 0x7E, 0x5A, 0x7C, 0xFE, 0xE7, 0xCE, 0x8C, 0xFF, 0xF3, 0xD4, 0x63, 0xE3, 0xA9, 0x0F,
    0x58, 0x13, 0x4B, 0xCA, 0xE3, 0x63, 0xA5, 0x78, 0xC9, 0x26, 0xCD, 0xCF, 0x3F, 0xFD, 0xE7, 0xCC,
    0x53, 0xDD, 0xE9, 0x26, 0xA7, 0x87, 0xC3, 0x30, 0x9B, 0x35, 0x21, 0x8B, 0xBC, 0x0C, 0x2F, 0x79,
    0x65, 0xAF, 0xBC, 0xD2, 0x57, 0x9E, 0xCB, 0xF2, 0xCC, 0x07, 0xAD, 0xAD, 0xF3, 0xCC, 0x3F, 0xFD,
    0xCC, 0xE9, 0x71, 0x5E, 0x59, 0x1E, 0xBC, 0xEC, 0x21, 0xEB, 0x62, 0xE3, 0x8A, 0xA1, 0x03, 0xE1,
    0xA5, 0xDB, 0x6E, 0x5D, 0x75, 0x59, 0x50, 0x86, 0x5E, 0x5A, 0x2E, 0xE4, 0x90, 0xEE, 0x38, 0xAE,
    0x79, 0x0E, 0x4E, 0x9E, 0x9F, 0xF3, 0x0B, 0x8F, 0xDC, 0x10, 0xFF, 0xF6, 0x9A, 0xFB, 0xC6, 0xC7,
    0x5E, 0x71, 0x5A, 0xFC, 0xFE, 0x53, 0x8F, 0x89, 0x1F, 0x2B, 0xCB, 0xBC, 0xE5, 0x8B, 0x06, 0x6B,
    0x1B, 0x4C, 0x94, 0xE5, 0x62, 0x5E, 0x6C, 0x24, 0xDB, 0x06, 0x40, 0x80, 0x81, 0x1E, 0x90, 0x2B,
    0xE5, 0x2C, 0xD6, 0xC6, 0xF7, 0x4F, 0xC4, 0x31, 0x6B, 0x46, 0xE2, 0x35, 0x4F, 0x3A, 0x26, 0x3E,
    0x52, 0x0A, 0xFD, 0xBF, 0x7A, 0xC6, 0xF1, 0xF1, 0xD8, 0x53, 0x96, 0xD7, 0xC0, 0x74, 0xC7, 0xD0,
    0xD4, 0xEB, 0xAB, 0xF1, 0x1C, 0xBF, 0x3B, 0x8E, 0x63, 0xE6, 0xD3, 0xDC, 0x0A, 0xB7, 0x69, 0xDD,
    0xC2, 0xF8, 0xD5, 0x1F, 0x39, 0xAA, 0x7E, 0xC6, 0x77, 0xBF, 0xE8, 0x94, 0x78, 0xE6, 0x43, 0xD6,
    0xD7, 0x43, 0x07, 0xC7, 0xF7, 0x8E, 0xD7, 0xC2, 0x26, 0x8B, 0x37, 0xE6, 0xA7, 0xF9, 0xDC, 0xF3,
    0x39, 0xD9, 0x67, 0x88, 0xCF, 0x4B, 0x19, 0x4F, 0x4C, 0x4C, 0xC6, 0x69, 0x47, 0x2D, 0x8E, 0x73,
    0x9E, 0xB0, 0x31, 0x3E, 0xF0, 0x53, 0xA7, 0xC6, 0xFB, 0x5E, 0xBA, 0x29, 0xFE, 0xC7, 0x63, 0x8F,
    0x8A, 0xB3, 0x8E, 0x5E, 0x52, 0xE7, 0xA1, 0x3B, 0xEE, 0x8D, 0xB8, 0xB3, 0xF9, 0xAD, 0x57, 0xDD,
    0xD9, 0xB8, 0xE6, 0x67, 0xC9, 0x0D, 0x65, 0xF9, 0xB9, 0x1E, 0x76, 0xDC, 0xD2, 0xF8, 0x9F, 0x8F,
    0x3B, 0xBA, 0x7E, 0xEE, 0xF7, 0x97, 0xCF, 0xFD, 0x33, 0x8F, 0x3D, 0x3A, 0x4E, 0x2C, 0xCB, 0x8C,
    0x7A, 0x09, 0xE7, 0xD2, 0x36, 0xB9, 0xBC, 0xB4, 0x88, 0x80, 0xF9, 0x4D, 0x80, 0x81, 0x59, 0xD4,
    0x5D, 0x07, 0xE7, 0xFD, 0x59, 0x96, 0x8E, 0xF4, 0xC7, 0xEF, 0x3D, 0xFD, 0xD8, 0xF8, 0xF0, 0xCB,
    0x4F, 0x8D, 0x3F, 0xFD, 0xB1, 0xE3, 0xE2, 0xF4, 0xF5, 0x0B, 0xEB, 0x1E, 0xA9, 0x2C, 0x56, 0x3A,
    0x87, 0x95, 0xB5, 0xBF, 0xC6, 0xCE, 0x8D, 0xA7, 0x59, 0x7C, 0x64, 0x91, 0x92, 0x9F, 0x2D, 0x3F,
    0xD2, 0xD3, 0x4E, 0x5F, 0x19, 0xEF, 0x7C, 0xE1, 0x29, 0x25, 0xCC, 0x9C, 0x1A, 0x3F, 0x5F, 0x8A,
    0x96, 0xFA, 0xFB, 0x3C, 0x7C, 0xAE, 0x50, 0xA3, 0x30, 0x1F, 0x74, 0xA7, 0xF3, 0x3C, 0xDF, 0x6D,
    0x7C, 0xCF, 0x58, 0x3C, 0xE6, 0xB4, 0x95, 0xF1, 0xF6, 0x12, 0xEC, 0x3F, 0xF8, 0xB2, 0x53, 0xEB,
    0x46, 0x8C, 0x47, 0x9F, 0xB4, 0xAC, 0x86, 0xFF, 0x9C, 0x67, 0x72, 0xDE, 0xC9, 0x79, 0x24, 0x97,
    0x07, 0x73, 0x69, 0xFE, 0xC8, 0xCF, 0x92, 0xE7, 0xBC, 0xD4, 0x3D, 0x4F, 0xD3, 0xCB, 0x87, 0x94,
    0x1B, 0x70, 0x5E, 0xFF, 0xAC, 0x13, 0xEA, 0x72, 0xF1, 0x8D, 0x2F, 0x38, 0x39, 0x1E, 0x76, 0xF2,
    0xF2, 0x7A, 0xDF, 0x99, 0x7A, 0x6E, 0x60, 0x61, 0x19, 0x01, 0xF3, 0x93, 0x00, 0x03, 0xB3, 0xA0,
    0x9B, 0x45, 0xA6, 0xC6, 0x27, 0x63, 0x64, 0xA0, 0x2F, 0x5E, 0xF8, 0xB0, 0x23, 0xE2, 0x2B, 0x3F,
    0x7F, 0xDF, 0xF8, 0x8D, 0xC7, 0x6F, 0x8C, 0xFB, 0x1F, 0xB9, 0xB8, 0x16, 0x29, 0x19, 0x5C, 0xBA,
    0x37, 0x82, 0x9B, 0x6B, 0xB2, 0x48, 0xA9, 0x27, 0xFF, 0x4F, 0x17, 0x65, 0xC3, 0x03, 0x0B, 0xE2,
    0x31, 0x27, 0x2D, 0x8F, 0xBF, 0xF8, 0x89, 0xE3, 0xE3, 0x9F, 0x7F, 0xF6, 0x8C, 0x78, 0xEA, 0x7D,
    0x57, 0xD7, 0xCF, 0x9D, 0x37, 0xDC, 0x4C, 0xDD, 0xF6, 0x82, 0xB9, 0x22, 0x27, 0xE9, 0x3A, 0x5D,
    0x97, 0x49, 0x3C, 0x8B, 0xF1, 0xE1, 0xB2, 0x1C, 0xC8, 0xF3, 0x22, 0xDF, 0xF3, 0xD3, 0x67, 0xD4,
    0xE0, 0xF2, 0xC2, 0xB3, 0xD6, 0xD6, 0x73, 0x5D, 0x0E, 0x0E, 0xFB, 0x39, 0xCF, 0xCC, 0x85, 0x0D,
    0x19, 0x3F, 0x48, 0x06, 0x99, 0x7A, 0x38, 0x69, 0xF9, 0xA8, 0x9D, 0xD0, 0x16, 0x71, 0xC6, 0x11,
    0x8B, 0xEA, 0x79, 0x3F, 0x79, 0x78, 0xD9, 0x3B, 0x4A, 0xFB, 0x3C, 0x3A, 0x2F, 0x80, 0x53, 0x2A,
    0x98, 0xBA, 0x8C, 0x28, 0xFF, 0xE7, 0x73, 0xE7, 0x7E, 0xCB, 0x00, 0x5D, 0x02, 0x0C, 0xCC, 0xA0,
    0x5C, 0xC1, 0x1E, 0x28, 0xCC, 0xCB, 0xF0, 0xC0, 0xE3, 0x96, 0xC5, 0x47, 0x5F, 0x79, 0x5A, 0xBC,
    0xF5, 0xF9, 0x27, 0x95, 0x15, 0xF4, 0xC2, 0xFA, 0x9C, 0x2C, 0x58, 0xF2, 0xEA, 0x40, 0x73, 0x31,
    0xB8, 0xDC, 0x51, 0x16, 0x1D, 0x59, 0xA8, 0x94, 0x8F, 0x5C, 0x03, 0x5B, 0xCA, 0xCB, 0xC0, 0xE6,
    0xA1, 0x23, 0x9F, 0x28, 0xED, 0x72, 0x9F, 0xA3, 0x17, 0x67, 0x05, 0x53, 0x4F, 0x7E, 0xCF, 0xF6,
    0x50, 0xA0, 0x30, 0x17, 0xD4, 0x69, 0xBE, 0x7C, 0xCD, 0xCB, 0x08, 0xE7, 0x65, 0x83, 0x1F, 0x7E,
    0xD2, 0xB2, 0xF8, 0x64, 0x99, 0xDE, 0xB3, 0x38, 0x7F, 0xF6, 0xFD, 0x57, 0xD7, 0x2B, 0x89, 0xE5,
    0xEC, 0xD0, 0x5D, 0x16, 0xD4, 0x62, 0xBE, 0xF3, 0xA7, 0xF3, 0x4A, 0x7E, 0xE6, 0x6E, 0x90, 0xC9,
    0xB6, 0xC8, 0x36, 0x59, 0xB5, 0x68, 0x20, 0x5E, 0x50, 0xC2, 0xDD, 0xC7, 0x5E, 0x79, 0x7A, 0x7C,
    0xEA, 0x95, 0x67, 0xC4, 0xC3, 0x4E, 0x58, 0x56, 0x7F, 0x9F, 0x6D, 0x99, 0x6D, 0x3A, 0x1F, 0x96,
    0x9B, 0x80, 0x00, 0x03, 0x33, 0x26, 0x57, 0xB2, 0x59, 0x8C, 0xE4, 0x31, 0xDC, 0xEB, 0x96, 0x0D,
    0xC5, 0x6F, 0x3F, 0xE5, 0x98, 0xF8, 0x97, 0x9F, 0x3B, 0x23, 0x1E, 0x77, 0xF2, 0xF2, 0xBA, 0x55,
    0x35, 0x8B, 0xF8, 0x34, 0xD7, 0x0E, 0x0D, 0xB9, 0x2B, 0xB2, 0x6D, 0x6A, 0xB0, 0x2B, 0xDF, 0x67,
    0x3B, 0x0C, 0x0D, 0x2C, 0x88, 0x27, 0x6C, 0xCA, 0xAB, 0xF4, 0x9D, 0x1E, 0xBF, 0xFA, 0x84, 0x8D,
    0xB1, 0x66, 0xC9, 0x60, 0x4C, 0xEC, 0x9B, 0xA8, 0x27, 0xF1, 0xE6, 0x73, 0xA1, 0x45, 0x59, 0x5B,
    0x67, 0x41, 0x9E, 0xE7, 0x7A, 0xA5, 0xC7, 0x9D, 0xB6, 0x32, 0xDE, 0xF2, 0xBC, 0x93, 0xEB, 0x49,
    0xF9, 0x8F, 0x29, 0xCB, 0x81, 0x3C, 0x21, 0xBF, 0x3B, 0x0F, 0xE4, 0x73, 0xE7, 0xE3, 0xB2, 0xE0,
    0xCE, 0x64, 0x1B, 0x64, 0x5B, 0x64, 0x9B, 0x74, 0x97, 0x93, 0x79, 0xE2, 0xFF, 0xE3, 0x36, 0x2D,
    0x8F, 0xCF, 0x9F, 0x73, 0x66, 0xBC, 0xE9, 0xB9, 0x27, 0xC5, 0xA3, 0x4E, 0x5D, 0x59, 0x7E, 0x19,
    0xCE, 0x91, 0x81, 0x79, 0x42, 0x80, 0x81, 0x19, 0x90, 0x2B, 0xDE, 0x5C, 0xB9, 0x4E, 0x8E, 0x4D,
    0xD4, 0x63, 0xB8, 0xDF, 0xFF, 0x53, 0x9B, 0xE2, 0x7F, 0x3D, 0x71, 0x63, 0x2C, 0x3D, 0xE8, 0x9E,
    0x37, 0x56, 0xB8, 0x9D, 0x42, 0xA5, 0xDB, 0x0E, 0xB9, 0xB5, 0xF5, 0x88, 0xA5, 0x43, 0xF1, 0x7F,
    0x9F, 0x76, 0x6C, 0xFC, 0xE3, 0x4B, 0x36, 0xC5, 0x43, 0x4E, 0x5E, 0x56, 0x43, 0x4C, 0xB7, 0xB8,
    0x83, 0x96, 0x64, 0x70, 0xC9, 0x4B, 0x01, 0xE7, 0x85, 0x3A, 0x36, 0x6D, 0x5C, 0x12, 0x7F, 0xF9,
    0x8C, 0xE3, 0xE3, 0x63, 0xAF, 0x3C, 0x2D, 0x5E, 0xFC, 0xA0, 0xB5, 0x9D, 0xD0, 0xD2, 0x79, 0xDA,
    0x77, 0xCC, 0x03, 0x7C, 0xB7, 0x83, 0xDB, 0x26, 0x97, 0x05, 0x83, 0xFD, 0x0B, 0xE2, 0xA7, 0x1E,
    0xBC, 0xAE, 0xEE, 0xC1, 0xFA, 0x93, 0x1F, 0x3B, 0x2E, 0x4E, 0x38, 0x62, 0x51, 0x3D, 0xD9, 0x3F,
    0x7F, 0x67, 0x6F, 0x0C, 0xCC, 0x5D, 0x02, 0x0C, 0x1C, 0x66, 0xB9, 0x0E, 0x9D, 0x9C, 0xC8, 0x7B,
    0x9C, 0x4C, 0xC5, 0xAF, 0x3C, 0x7E, 0x63, 0x3D, 0xBE, 0xFD, 0xEC, 0xE3, 0x97, 0x1D, 0x38, 0x49,
    0x55, 0xB1, 0x72, 0xE7, 0xB2, 0xDD, 0xB2, 0x85, 0xB2, 0x9D, 0xF2, 0xFC, 0x98, 0x0F, 0xFD, 0xD4,
    0xA9, 0xF1, 0x6B, 0x4F, 0xDA, 0x78, 0xA0, 0x3D, 0xD5, 0x26, 0xB4, 0x20, 0x27, 0xD3, 0x9C, 0xC7,
    0xC7, 0xF7, 0x8D, 0xD7, 0x7B, 0x74, 0xFC, 0xDE, 0xD3, 0x8F, 0xAB, 0x87, 0x47, 0xBE, 0xFA, 0xEC,
    0x0D, 0xF5, 0xBC, 0x97, 0x3C, 0x74, 0xB2, 0x3E, 0xA7, 0x3E, 0x9B, 0xBB, 0xA3, 0xBB, 0xEC, 0xCC,
    0x36, 0xCC, 0xBD, 0x57, 0xBF, 0xF4, 0xE8, 0x23, 0xEB, 0x61, 0x78, 0xFF, 0xE3, 0x89, 0x1B, 0x6B,
    0x60, 0xAC, 0x7B, 0x6D, 0x35, 0x2C, 0xCC, 0x49, 0x02, 0x0C, 0x1C, 0x46, 0xB5, 0xD8, 0x1E, 0x9F,
    0x8A, 0x35, 0x4B, 0x07, 0xE3, 0xF5, 0xCF, 0x3E, 0x29, 0xFE, 0xE8, 0x47, 0x8F, 0x8D, 0xF5, 0x4B,
    0x06, 0x6B, 0x51, 0x9E, 0x2B, 0x58, 0xBE, 0xBF, 0x6C, 0xA1, 0x7A, 0xC8, 0x4D, 0x69, 0xAF, 0x23,
    0x96, 0x0D, 0xC5, 0x1F, 0x3E, 0xED, 0xD8, 0xF8, 0xBB, 0xD2, 0x8E, 0xD9, 0x9E, 0x79, 0xBF, 0x1C,
    0x4D, 0x48, 0x2F, 0xCB, 0x02, 0x3B, 0xCF, 0xDF, 0xCA, 0x73, 0xDE, 0x1E, 0x7F, 0x9F, 0xD5, 0xF1,
    0xF1, 0x12, 0x5C, 0x7E, 0xE3, 0xF1, 0x47, 0xC7, 0x09, 0xAB, 0x47, 0xEA, 0x34, 0x6D, 0x2F, 0xC1,
    0xA1, 0x51, 0x0F, 0x3F, 0x2D, 0x6D, 0x99, 0x6D, 0x7A, 0xDA, 0xFA, 0x85, 0xF5, 0x7E, 0x39, 0x9F,
    0xFA, 0xE9, 0xD3, 0xE2, 0xEC, 0x4D, 0xCB, 0x63, 0x32, 0xEF, 0xEC, 0x5F, 0x7E, 0x67, 0x43, 0x11,
    0xCC, 0x2D, 0x02, 0x0C, 0x1C, 0x06, 0xB9, 0xAE, 0xCC, 0x95, 0x6A, 0xDE, 0x69, 0x7E, 0xD3, 0x86,
    0x45, 0xF1, 0xC1, 0x97, 0x9D, 0x16, 0x3F, 0xF3, 0xB0, 0xF5, 0xF5, 0x77, 0xDD, 0xAB, 0x8B, 0x71,
    0xD7, 0xD5, 0xC3, 0x6F, 0x4A, 0x85, 0x92, 0x45, 0x4A, 0xDE, 0xC0, 0x2F, 0xEF, 0x1F, 0xF3, 0x80,
    0x63, 0x96, 0xC6, 0xE4, 0xFE, 0xC9, 0xCE, 0xF1, 0xEE, 0xD3, 0xCF, 0x83, 0x5E, 0xD0, 0x9D, 0xBD,
    0xA7, 0x46, 0x27, 0xEB, 0xF9, 0x6E, 0x6F, 0x7A, 0xDE, 0xC9, 0xF1, 0xC1, 0x9F, 0xDA, 0x54, 0xEF,
    0x6F, 0x52, 0x66, 0xFF, 0x3A, 0x2D, 0xE7, 0x34, 0xAD, 0xA8, 0x3E, 0x74, 0xB2, 0x2D, 0xB3, 0x4D,
    0xBB, 0x17, 0x03, 0x79, 0xEC, 0x29, 0x2B, 0xEA, 0x21, 0x7A, 0x7F, 0xF4, 0x13, 0x27, 0xC4, 0xD2,
    0x85, 0xFD, 0xF5, 0x24, 0xFF, 0xEC, 0x17, 0x6D, 0x0E, 0x73, 0x83, 0x00, 0x03, 0x87, 0x58, 0x5D,
    0x3F, 0x96, 0x7F, 0xF2, 0xF0, 0x85, 0xC7, 0xDD, 0x67, 0x55, 0x2D, 0xB6, 0xCF, 0x3E, 0xBE, 0x53,
    0xB8, 0xD8, 0xE2, 0x7A, 0xCF, 0x75, 0x2F, 0x1F, 0x9B, 0xC5, 0x5F, 0x16, 0x82, 0xEF, 0x79, 0xF1,
    0xA6, 0x78, 0x62, 0x69, 0xDF, 0x3C, 0xDE, 0x3D, 0x69, 0x55, 0x7A, 0x41, 0xDD, 0x70, 0x31, 0x7D,
    0x8F, 0x92, 0x1F, 0x7B, 0xC0, 0x9A, 0xF8, 0xCC, 0xCF, 0x9E, 0x51, 0x43, 0xF7, 0xE2, 0xA1, 0xCE,
    0x95, 0xC5, 0x72, 0x32, 0xEE, 0x4E, 0xCB, 0x1C, 0x7A, 0x75, 0x6F, 0x4C, 0xF9, 0x9A, 0xCB, 0x89,
    0xE5, 0x23, 0x03, 0xF1, 0x2B, 0x8F, 0x39, 0xB2, 0xDE, 0x04, 0xF4, 0xE1, 0x27, 0x75, 0xF6, 0xC6,
    0xD4, 0x2B, 0x1A, 0x6A, 0x7F, 0x68, 0x9E, 0x00, 0x03, 0x87, 0x58, 0x5E, 0x29, 0x2B, 0xB7, 0xF6,
    0xFD, 0xE8, 0x03, 0x56, 0x97, 0x15, 0xE7, 0xA9, 0x71, 0xCA, 0xDA, 0x91, 0x5A, 0xB8, 0xD8, 0xFA,
    0x77, 0xEF, 0x75, 0x8B, 0xBF, 0x6C, 0xCF, 0x93, 0x4B, 0xBB, 0xFE, 0x43, 0x09, 0x31, 0x3F, 0x76,
    0xFF, 0x35, 0xF5, 0x7E, 0x3A, 0x8A, 0x42, 0x66, 0x5B, 0x9E, 0x50, 0x9E, 0x81, 0x7A, 0xE5, 0xD2,
    0xC1, 0x7A, 0xB8, 0xE3, 0x87, 0x5E, 0x76, 0x6A, 0xDC, 0x67, 0xC3, 0xA2, 0xBA, 0xE1, 0x22, 0x8B,
    0xEA, 0xBA, 0x0C, 0xE8, 0x3C, 0x95, 0xC3, 0x28, 0xDB, 0x38, 0x97, 0x07, 0xD9, 0xE6, 0x39, 0x3C,
    0xE1, 0x94, 0x15, 0xF1, 0x89, 0x57, 0x9E, 0x1E, 0x2F, 0xFF, 0xE1, 0x23, 0xA2, 0xBF, 0xBF, 0x2F,
    0x26, 0xCA, 0xF2, 0xC2, 0x5E, 0x70, 0x68, 0x9B, 0x00, 0x03, 0x87, 0x50, 0x6E, 0xD9, 0x9B, 0xD8,
    0x33, 0x1E, 0x2F, 0x7C, 0xC8, 0xFA, 0xF8, 0xC7, 0x97, 0x9C, 0x5A, 0xEF, 0xE7, 0x90, 0xC5, 0x8B,
    0x75, 0xE5, 0xA1, 0x95, 0xED, 0x99, 0x21, 0x66, 0xC5, 0xC2, 0xFE, 0x7A, 0x17, 0xFF, 0x97, 0x3E,
    0xEC, 0x88, 0x98, 0xD8, 0x37, 0x2E, 0xC4, 0x30, 0x2B, 0x72, 0xAA, 0xCB, 0x2D, 0xFF, 0x63, 0x3B,
    0xC7, 0xE2, 0x61, 0x27, 0x2D, 0x8F, 0xF7, 0xBF, 0x74, 0x53, 0xFC, 0xDA, 0x8F, 0x1C, 0xD5, 0x29,
    0xA0, 0xCB, 0x3F, 0x39, 0x59, 0x9A, 0x32, 0x67, 0x5E, 0xB6, 0x79, 0x0E, 0xB9, 0xAC, 0x58, 0x5E,
    0x96, 0x15, 0x6F, 0x7C, 0xCE, 0x49, 0xF1, 0xB7, 0x3F, 0x79, 0x62, 0x1C, 0xB5, 0x6A, 0xB8, 0x5E,
    0xCA, 0x5A, 0x88, 0x81, 0x76, 0x09, 0x30, 0x70, 0x88, 0x64, 0xF1, 0x9C, 0x5B, 0xF6, 0x5E, 0xF8,
    0xC3, 0x47, 0xC4, 0xDF, 0x3E, 0xEB, 0xC4, 0x18, 0x19, 0xE8, 0xEC, 0x29, 0x50, 0x53, 0x1F, 0x1E,
    0xDD, 0x10, 0x93, 0xF7, 0x83, 0xF8, 0xAB, 0x67, 0x1C, 0x1F, 0xCF, 0x7B, 0xE8, 0x7A, 0x27, 0xF6,
    0x33, 0xE3, 0x72, 0x7A, 0xCB, 0x90, 0x32, 0x31, 0x36, 0x19, 0xCF, 0x2F, 0xF3, 0xFE, 0x7B, 0x5F,
    0xB2, 0xA9, 0x5E, 0x35, 0x2F, 0x4F, 0x28, 0xCF, 0x49, 0xD1, 0xFC, 0x3F, 0xFB, 0xBA, 0xCB, 0x8A,
    0x3C, 0x3F, 0xE6, 0xE5, 0x0F, 0x5D, 0x17, 0xEF, 0x79, 0xF1, 0x29, 0x71, 0x9F, 0xE3, 0x96, 0xC6,
    0xF8, 0xE8, 0x84, 0x70, 0x09, 0x8D, 0x12, 0x60, 0xE0, 0x5E, 0xCA, 0x95, 0x5F, 0x3D, 0xC9, 0x7C,
    0xEF, 0x78, 0x3C, 0xE3, 0x01, 0x6B, 0xE2, 0x8D, 0xCF, 0x3D, 0x29, 0x16, 0x95, 0xA2, 0x3A, 0x57,
    0x96, 0x8A, 0xE9, 0xC3, 0x2B, 0xDB, 0x77, 0xA2, 0x54, 0x8F, 0x4B, 0x86, 0xFB, 0xE3, 0xEF, 0x9E,
    0x73, 0x62, 0x3C, 0xFB, 0xAC, 0xB5, 0x31, 0xB9, 0xAF, 0x73, 0x62, 0x3F, 0x1C, 0x6E, 0xB5, 0x30,
    0x2E, 0xC1, 0x65, 0xF1, 0x70, 0x5F, 0xFC, 0xF1, 0x4F, 0x1C, 0x1F, 0x6F, 0x7B, 0xC1, 0xC9, 0x71,
    0xD4, 0xF2, 0x21, 0x57, 0x19, 0xEC, 0x41, 0xD9, 0x1D, 0x75, 0x23, 0x53, 0xE9, 0x9B, 0x1F, 0x3E,
    0x7E, 0x59, 0xFC, 0xD3, 0xAB, 0xCE, 0x88, 0x67, 0x3C, 0x70, 0x6D, 0xE7, 0x0E, 0xFE, 0x36, 0x34,
    0x41, 0x73, 0x04, 0x18, 0xB8, 0x17, 0x72, 0x9D, 0x97, 0x2B, 0xBE, 0xBC, 0x39, 0xDD, 0x8F, 0x9E,
    0x55, 0xC2, 0xCB, 0xB3, 0x4F, 0x8C, 0xE1, 0x3C, 0x0E, 0xBE, 0xAC, 0x24, 0x15, 0xD1, 0x33, 0xA3,
    0x1E, 0xB6, 0x57, 0xDA, 0x3B, 0x4F, 0x92, 0xCE, 0x3D, 0x31, 0x4F, 0xB8, 0x6F, 0xE7, 0xC4, 0x7E,
    0x87, 0x93, 0x71, 0x38, 0x75, 0xC3, 0xCB, 0xFA, 0x95, 0xC3, 0x75, 0x8F, 0xEB, 0x2F, 0x3F, 0xFA,
    0xC8, 0x3A, 0xCF, 0xE7, 0xB4, 0x28, 0xBC, 0xF4, 0xA6, 0x5C, 0x24, 0x74, 0xFB, 0x68, 0xC3, 0xD2,
    0xC1, 0x78, 0xCB, 0xF3, 0x4E, 0x8A, 0x97, 0x3E, 0xFC, 0x88, 0xF2, 0x9B, 0xA9, 0x98, 0x9A, 0xEC,
    0xF4, 0x29, 0xD0, 0x06, 0x01, 0x06, 0xEE, 0x85, 0x6E, 0x11, 0xF3, 0x80, 0xE3, 0x96, 0xC5, 0x1B,
    0x9E, 0x7D, 0x52, 0xBD, 0x51, 0x5D, 0x5E, 0xFD, 0x46, 0x78, 0x99, 0x59, 0xDD, 0xA2, 0x64, 0xDD,
    0x92, 0xC1, 0xF8, 0xBB, 0x12, 0x22, 0x1F, 0x70, 0xEC, 0xD2, 0x98, 0xAC, 0x21, 0x66, 0xFA, 0x09,
    0x70, 0x08, 0x65, 0x68, 0x9E, 0x1C, 0x9D, 0x8C, 0x4D, 0x47, 0x2E, 0x8E, 0x8F, 0xBF, 0xE2, 0xF4,
    0x78, 0xC1, 0x59, 0x6B, 0xEB, 0xE3, 0xB9, 0x25, 0xDF, 0xBC, 0xDF, 0xFB, 0xB2, 0x8F, 0xCA, 0xE2,
    0x22, 0x96, 0x0E, 0xF7, 0xC7, 0xDF, 0x3F, 0xE7, 0xA4, 0xF8, 0xCD, 0x27, 0x1E, 0x53, 0x1F, 0x9F,
    0xAC, 0x21, 0x46, 0xFF, 0x41, 0x0B, 0x04, 0x18, 0xB8, 0xA7, 0xCA, 0x7A, 0x6E, 0x74, 0x7C, 0x32,
    0x8E, 0x5F, 0xBF, 0x30, 0xDE, 0xF6, 0xFC, 0x93, 0xE2, 0x88, 0xBC, 0xB9, 0x62, 0x59, 0x29, 0x5A,
    0x01, 0xCE, 0x8E, 0x6E, 0x88, 0x39, 0x66, 0xE5, 0x70, 0xFC, 0xF5, 0x33, 0x4F, 0x88, 0x8D, 0x79,
    0xF5, 0xB7, 0x89, 0xCE, 0x79, 0x08, 0x70, 0xA8, 0xD4, 0xE9, 0xAC, 0x84, 0xE3, 0x47, 0x6C, 0x5A,
    0x11, 0xEF, 0x7B, 0xC9, 0xA6, 0x38, 0x6B, 0xE3, 0xE2, 0x7A, 0xB2, 0x7E, 0x32, 0xEB, 0xB7, 0x23,
    0x73, 0x66, 0xF7, 0xD0, 0xB1, 0xDF, 0x7D, 0xD2, 0xC6, 0xF8, 0x83, 0xA7, 0x1E, 0x13, 0x23, 0x43,
    0x7D, 0x25, 0xC4, 0x38, 0x04, 0x15, 0x5A, 0x20, 0xC0, 0xC0, 0x3D, 0x50, 0x6F, 0x9D, 0x58, 0x8A,
    0xE5, 0xC5, 0xC3, 0xFD, 0xF1, 0x27, 0x4F, 0x3F, 0x2E, 0xCE, 0xDC, 0xB0, 0x68, 0x3A, 0xBC, 0x4C,
    0x3F, 0x81, 0x59, 0xD1, 0xD9, 0xB2, 0x3A, 0x15, 0x0F, 0x3F, 0x6E, 0x69, 0xFC, 0xE1, 0xD3, 0x8E,
    0xD3, 0x21, 0x1C, 0x52, 0xF5, 0x70, 0xC5, 0x12, 0x5E, 0x1E, 0x7E, 0xF2, 0xF2, 0x78, 0xD7, 0x0B,
    0x4F, 0x99, 0x9E, 0xEF, 0x85, 0xE4, 0x56, 0x65, 0x78, 0xC9, 0x10, 0x93, 0xFE, 0xBF, 0xC7, 0x1D,
    0x5D, 0x83, 0x4C, 0x3E, 0x38, 0x31, 0xE1, 0xFC, 0x45, 0xE8, 0x75, 0x02, 0x0C, 0xDC, 0x03, 0x75,
    0x4B, 0x6B, 0x59, 0xF1, 0xFD, 0xFE, 0x93, 0x8F, 0x89, 0x9F, 0xB8, 0xCF, 0xEA, 0xBA, 0x12, 0xB4,
    0xC2, 0xEB, 0x0D, 0xB9, 0x07, 0x2C, 0xC3, 0xE4, 0xF3, 0x1F, 0xB8, 0x26, 0x7E, 0xF3, 0x09, 0x1B,
    0x63, 0x6A, 0xDF, 0x84, 0x2D, 0xAA, 0xDC, 0x2B, 0x39, 0xF5, 0xE4, 0x24, 0x94, 0xE1, 0xE5, 0x29,
    0x65, 0x7E, 0xCF, 0x2B, 0x8D, 0x1D, 0xBD, 0x62, 0xA8, 0xEE, 0xF1, 0xB3, 0xC7, 0xB5, 0x6D, 0xD9,
    0x7D, 0xB9, 0xBC, 0xC8, 0x1C, 0xF3, 0x2B, 0x8F, 0x3E, 0x2A, 0xFE, 0xFC, 0x27, 0x8E, 0x8F, 0xE1,
    0xC1, 0xB2, 0x0C, 0xC9, 0xBD, 0xB7, 0xBA, 0x16, 0x7A, 0x96, 0x00, 0x03, 0xF7, 0xC0, 0x8E, 0x7D,
    0xE3, 0xF1, 0xA4, 0xFB, 0xAF, 0x8E, 0x9F, 0x3B, 0x7B, 0xC3, 0xF4, 0x23, 0xF4, 0x92, 0x6E, 0xDD,
    0xF1, 0xAB, 0x8F, 0x39, 0x32, 0x1E, 0x77, 0xDF, 0xD5, 0x31, 0xB1, 0x5F, 0x88, 0xE1, 0x5E, 0xC8,
    0x22, 0x77, 0x6C, 0x32, 0x9E, 0x70, 0xE6, 0xCA, 0x7A, 0xE2, 0xF7, 0x91, 0xCB, 0x3B, 0xE1, 0xC5,
    0x34, 0x35, 0x37, 0x64, 0x37, 0x4E, 0xE5, 0x9E, 0xB4, 0xF2, 0xF5, 0x17, 0x1E, 0xB1, 0x21, 0xFE,
    0xC7, 0x63, 0x8F, 0xAE, 0x0F, 0xE6, 0x89, 0xFD, 0x7A, 0x18, 0x7A, 0x93, 0x00, 0x03, 0x77, 0x43,
    0xAE, 0xE0, 0xF2, 0x12, 0xA9, 0x8F, 0x3E, 0x71, 0x79, 0xFC, 0xF1, 0xD3, 0x8F, 0xAB, 0x77, 0xDE,
    0xCE, 0xAD, 0x77, 0xB6, 0xD4, 0xF5, 0x96, 0xEC, 0x8F, 0x2C, 0x30, 0xF3, 0xF2, 0xCA, 0xFF, 0xF3,
    0xF1, 0x47, 0xC7, 0xB2, 0xA5, 0x83, 0xF5, 0x1E, 0x3D, 0xB6, 0x96, 0x73, 0x77, 0xD5, 0xE2, 0x76,
    0x74, 0x32, 0x1E, 0x73, 0xEA, 0xCA, 0x78, 0xF7, 0x8B, 0x36, 0xC5, 0xDA, 0x25, 0x65, 0x5A, 0x12,
    0x5E, 0xE6, 0x9C, 0xEE, 0x9E, 0xDB, 0xF4, 0xDB, 0x4F, 0xDC, 0x18, 0xBF, 0xFE, 0xB8, 0xA3, 0xEA,
    0x59, 0xFD, 0xD3, 0x0F, 0x01, 0x3D, 0x46, 0x80, 0x81, 0xBB, 0xA8, 0x5B, 0xAE, 0xE4, 0x8A, 0xEE,
    0xC7, 0xCF, 0x5C, 0x15, 0x67, 0x1C, 0xB1, 0x68, 0xFA, 0xE7, 0xFA, 0x85, 0x1E, 0x93, 0x05, 0x66,
    0x16, 0x9A, 0x8F, 0x3E, 0x71, 0x59, 0xE7, 0xD8, 0xF6, 0xDC, 0xA2, 0x5A, 0xFE, 0xD3, 0x5D, 0xDC,
    0x55, 0x39, 0x0D, 0xE5, 0x9E, 0x97, 0xB3, 0x4F, 0x59, 0x1E, 0x7F, 0xFF, 0xDC, 0x93, 0x62, 0xD5,
    0xA2, 0x01, 0x57, 0x1A, 0x9B, 0xC3, 0xB2, 0x5B, 0xBB, 0xE7, 0xC4, 0xFC, 0xE6, 0xE3, 0x37, 0xC6,
    0x0B, 0x1F, 0xBC, 0x3E, 0x6F, 0x34, 0xA5, 0xBF, 0xA1, 0x07, 0x09, 0x30, 0x70, 0x37, 0xD5, 0x75,
    0x99, 0xF5, 0x59, 0x13, 0x16, 0x4C, 0xEF, 0x71, 0x79, 0xC5, 0x43, 0x8F, 0xA8, 0x77, 0x47, 0xCF,
    0x2D, 0xE9, 0x7D, 0x8A, 0x11, 0xEE, 0x82, 0xBC, 0x97, 0xCB, 0xC4, 0xBE, 0x89, 0x38, 0xF5, 0xC8,
    0xC5, 0xF1, 0xF6, 0x17, 0x9C, 0x12, 0xC7, 0xAD, 0x1A, 0xAE, 0xC5, 0xAD, 0x9D, 0x78, 0x73, 0x5B,
    0xF6, 0x6F, 0xF6, 0xF3, 0xC2, 0xC1, 0xBE, 0x78, 0xFD, 0xB3, 0x4E, 0x8C, 0xC7, 0x9E, 0xB6, 0xA2,
    0x4E, 0x07, 0xB9, 0xB7, 0x1D, 0xE8, 0x1D, 0x02, 0x0C, 0x30, 0x67, 0x65, 0x56, 0xC9, 0xBD, 0x30,
    0x8B, 0x87, 0xFA, 0xE2, 0xD7, 0x1F, 0x7B, 0x74, 0x2C, 0x5E, 0x3C, 0x18, 0x13, 0x63, 0x93, 0x8A,
    0x50, 0xBE, 0xAF, 0xDC, 0xE2, 0x3E, 0x3E, 0x3A, 0x11, 0x27, 0x6E, 0x58, 0x14, 0x6F, 0x7C, 0xCE,
    0x49, 0x35, 0xBC, 0xE4, 0xE1, 0x45, 0xA6, 0x9B, 0xF9, 0x21, 0xFB, 0x39, 0xAF, 0x2E, 0x97, 0xCB,
    0x8D, 0xD7, 0x3E, 0xF3, 0xC4, 0x38, 0x63, 0xE3, 0x92, 0x18, 0xDB, 0x3B, 0xEE, 0x06, 0xA5, 0xD0,
    0x43, 0x04, 0x18, 0x60, 0x4E, 0xEB, 0x1E, 0x4A, 0xF6, 0xF8, 0x4D, 0xCB, 0xE3, 0xA5, 0x0F, 0x5E,
    0x57, 0xAA, 0x93, 0x6F, 0x1F, 0x26, 0x02, 0x77, 0x54, 0x43, 0x6F, 0x09, 0xB9, 0x4B, 0x16, 0x0D,
    0xC4, 0x1F, 0xFF, 0xD8, 0x71, 0xF1, 0xC3, 0xC7, 0x2F, 0xAD, 0xD3, 0x8F, 0xDA, 0x75, 0x7E, 0xC9,
    0x43, 0x85, 0xF3, 0x7C, 0xC7, 0x53, 0xD6, 0x8E, 0xC4, 0x5F, 0x3E, 0xE3, 0xF8, 0x58, 0xBD, 0x72,
    0x24, 0xC6, 0xEB, 0x79, 0x74, 0xD3, 0x4F, 0x00, 0x66, 0x95, 0x00, 0x03, 0xCC, 0x79, 0xDD, 0x93,
    0xF7, 0x5F, 0x7D, 0xF6, 0x11, 0xB1, 0x6E, 0xD9, 0x50, 0xE7, 0xBA, 0xA9, 0x70, 0x07, 0x9D, 0x2D,
    0xEF, 0x25, 0xF4, 0x0E, 0xF4, 0xC5, 0xFF, 0x79, 0xEA, 0xB1, 0xF5, 0x5C, 0xB7, 0x4E, 0x78, 0x51,
    0xB5, 0xCE, 0x47, 0x75, 0x4F, 0x5C, 0xE9, 0xFF, 0x1F, 0x39, 0x79, 0x79, 0xFC, 0xDA, 0x8F, 0x1C,
    0x59, 0x27, 0x90, 0x9C, 0x3E, 0x4C, 0x0D, 0x30, 0xFB, 0x04, 0x18, 0x60, 0xCE, 0xCB, 0xFA, 0x33,
    0x23, 0xCB, 0xA6, 0x75, 0x0B, 0xE3, 0xA7, 0xA6, 0x4F, 0xCC, 0x55, 0x93, 0xF2, 0x5D, 0x72, 0x22,
    0x19, 0x9D, 0x8C, 0x9F, 0x79, 0xF8, 0xFA, 0x38, 0xE7, 0x11, 0x1B, 0xEA, 0x8F, 0x19, 0x5E, 0x4C,
    0x2B, 0xF3, 0x53, 0x76, 0x7B, 0x86, 0x98, 0xDC, 0x63, 0xFB, 0xDF, 0x1F, 0x73, 0x54, 0xBC, 0xFC,
    0xA1, 0xEB, 0xF2, 0x32, 0x94, 0x12, 0x0C, 0xF4, 0x00, 0x01, 0x06, 0x98, 0x57, 0x72, 0x4B, 0xEA,
    0x09, 0x47, 0x2C, 0x8A, 0xA9, 0x89, 0x4E, 0xB0, 0x81, 0x54, 0x43, 0x6E, 0x09, 0xB6, 0x0F, 0x3B,
    0x65, 0x59, 0xFC, 0xE1, 0x53, 0x8F, 0xED, 0x3C, 0x98, 0x5B, 0xDB, 0x4D, 0x23, 0xF3, 0xDA, 0xC1,
    0xDD, 0xFF, 0xFB, 0x4F, 0x39, 0x36, 0xEE, 0xB3, 0x71, 0x49, 0x4C, 0x39, 0x8F, 0x0E, 0x66, 0x9D,
    0x00, 0x03, 0xCC, 0x0B, 0xDD, 0x7A, 0x63, 0xE5, 0xA2, 0x81, 0xF8, 0xE9, 0x87, 0xAD, 0xAF, 0x5B,
    0x52, 0x1D, 0x1A, 0x44, 0xEA, 0x86, 0x97, 0x23, 0x57, 0x0E, 0xD7, 0x93, 0xF6, 0x97, 0x8E, 0xF4,
    0xBB, 0xE2, 0x18, 0x07, 0xD4, 0xE9, 0xA3, 0x4C, 0x0F, 0x47, 0x2C, 0x1D, 0x8C, 0x3F, 0xFB, 0xF1,
    0xE3, 0x63, 0xF9, 0xD2, 0x21, 0x37, 0xB9, 0x84, 0x59, 0x26, 0xC0, 0x40, 0xA3, 0xF2, 0xF0, 0x96,
    0xEF, 0x1A, 0xCA, 0x3F, 0x07, 0x86, 0x3B, 0xFB, 0x7D, 0x19, 0xE6, 0xB3, 0xEE, 0xA9, 0x2F, 0x4F,
    0xDC, 0xB4, 0x22, 0xD6, 0xAE, 0x1A, 0x8E, 0x89, 0x09, 0x27, 0xE5, 0x32, 0xAD, 0xCC, 0x34, 0xBF,
    0xF5, 0xC4, 0x8D, 0x71, 0xFA, 0xFA, 0x45, 0x75, 0xFE, 0x99, 0xEB, 0xE1, 0xE5, 0xE0, 0x65, 0x42,
    0x1D, 0xCA, 0x3F, 0x77, 0x6B, 0x38, 0xE8, 0x6F, 0xE7, 0x83, 0xEE, 0xF4, 0xF0, 0xD8, 0x93, 0x97,
    0xC7, 0x6B, 0x1E, 0xB9, 0x21, 0x62, 0xCC, 0x25, 0xD9, 0x61, 0x36, 0x09, 0x30, 0xD0, 0xE3, 0x6A,
    0x91, 0x90, 0x05, 0xC3, 0x1D, 0x2A, 0x85, 0x5C, 0x75, 0x7E, 0xD7, 0x50, 0xFE, 0x39, 0x30, 0xDC,
    0xD9, 0xEF, 0xCB, 0x70, 0xB0, 0x7C, 0xCD, 0x2C, 0xEA, 0xEF, 0xF0, 0xD2, 0x73, 0x56, 0xB6, 0x4B,
    0x7E, 0xE6, 0xFB, 0x1F, 0xB5, 0x38, 0x7E, 0xFA, 0xA1, 0xEB, 0x23, 0xF6, 0x4E, 0xB8, 0x49, 0xDD,
    0x3C, 0x97, 0x97, 0xC6, 0x9D, 0xDA, 0x3F, 0x19, 0xE7, 0x3C, 0xEA, 0xA8, 0xF8, 0x99, 0xDC, 0x33,
    0x97, 0xE6, 0xD0, 0x24, 0x91, 0xF3, 0x76, 0x77, 0x3E, 0x3F, 0x58, 0x77, 0x79, 0x70, 0x60, 0x28,
    0xFF, 0xDC, 0xAD, 0xE1, 0xA0, 0xBF, 0xBD, 0xA3, 0xBA, 0x4C, 0xC9, 0x61, 0xFA, 0xE7, 0xB9, 0xA2,
    0xBB, 0x0C, 0xFE, 0x6F, 0x3F, 0x7C, 0x44, 0x3C, 0xF2, 0xD4, 0x15, 0x31, 0xE1, 0xD2, 0xCA, 0x30,
    0x6B, 0x16, 0xC4, 0x6B, 0xCE, 0x9B, 0x6B, 0xCB, 0x98, 0x9E, 0x97, 0x0B, 0xFF, 0xA9, 0xF1, 0xA9,
    0x78, 0xCC, 0xA6, 0xE5, 0xF1, 0xC9, 0x9F, 0x3E, 0x23, 0x86, 0x07, 0x7A, 0x77, 0x01, 0x98, 0x57,
    0x60, 0xC9, 0x05, 0xF4, 0x47, 0x2E, 0xDC, 0x12, 0xCF, 0x7A, 0xCB, 0xA5, 0x31, 0x3A, 0x7D, 0xF2,
    0x73, 0x77, 0x41, 0x7E, 0x28, 0xE4, 0xA7, 0x9F, 0x2A, 0xEF, 0xB3, 0x71, 0xD5, 0x48, 0x7C, 0xE9,
    0xD5, 0x67, 0xC6, 0x31, 0x2B, 0x87, 0x3B, 0xBF, 0x98, 0xE7, 0xF2, 0x3E, 0x04, 0xD9, 0x3A, 0x77,
    0x5C, 0x3F, 0x66, 0x1F, 0x6C, 0xDD, 0x33, 0x1E, 0xB7, 0xEC, 0x1A, 0x2B, 0x5F, 0xC7, 0x62, 0x7B,
    0x29, 0xC2, 0x77, 0xEC, 0x9F, 0x28, 0x5F, 0xC7, 0x63, 0x5F, 0x99, 0xAE, 0xBA, 0x86, 0xFA, 0x17,
    0xC4, 0xB2, 0x91, 0xFE, 0x58, 0x32, 0x3C, 0x10, 0x4B, 0x86, 0xFA, 0xEA, 0xF7, 0x79, 0xF8, 0xD4,
    0x9A, 0xC5, 0x03, 0xE5, 0xFB, 0x81, 0xFA, 0xFB, 0x83, 0xE5, 0x5F, 0x4E, 0x96, 0x7E, 0x98, 0xEB,
    0x27, 0x2D, 0x77, 0xA7, 0xE9, 0xFF, 0xB8, 0x6E, 0x57, 0x3C, 0xED, 0x8D, 0x17, 0xC7, 0xCD, 0xDB,
    0x47, 0xA3, 0xAF, 0xB4, 0x45, 0x16, 0x5D, 0x87, 0x53, 0x9D, 0x6F, 0xCA, 0x9B, 0xAC, 0x5B, 0x3A,
    0x14, 0x5F, 0xFD, 0xC5, 0xFB, 0x1E, 0xB8, 0xB7, 0x88, 0xFA, 0xE7, 0xBB, 0xD5, 0xAE, 0x28, 0xFF,
    0x3C, 0xF2, 0xAF, 0x2F, 0x88, 0x2F, 0x5D, 0xBE, 0x2D, 0x16, 0x0C, 0xF4, 0x1D, 0x96, 0x62, 0xB8,
    0x5E, 0x62, 0xBB, 0xCC, 0x3B, 0x79, 0x9F, 0x8F, 0x8F, 0xBD, 0xE2, 0xB4, 0xDA, 0x27, 0x13, 0x65,
    0xBE, 0xEB, 0x6F, 0x7C, 0x06, 0xC8, 0xB6, 0xCA, 0xE5, 0x47, 0x99, 0x93, 0xBF, 0x6B, 0xFA, 0xCA,
    0xE9, 0x7F, 0xE7, 0xBE, 0x89, 0xB8, 0x65, 0xE7, 0x58, 0xDC, 0x5A, 0x96, 0x21, 0x9B, 0xCB, 0x32,
    0xE4, 0xA6, 0x1D, 0x63, 0x71, 0xFD, 0xB6, 0xD1, 0xB8, 0x6D, 0xF7, 0x58, 0x6C, 0x29, 0xCB, 0x96,
    0x1D, 0xFB, 0xC6, 0xEB, 0xF3, 0xF6, 0xE4, 0x8D, 0x5F, 0x4B, 0x5B, 0x0C, 0x95, 0x75, 0xD4, 0x50,
    0x7F, 0x5F, 0xAC, 0x5C, 0xD8, 0x59, 0x86, 0xAC, 0x5D, 0x3C, 0x18, 0x1B, 0xCB, 0x72, 0x7A, 0xFD,
    0xD2, 0xC1, 0xF2, 0x7D, 0xF9, 0x79, 0xC9, 0x50, 0x3D, 0xBC, 0x6A, 0xC9, 0x70, 0xFF, 0x77, 0xBD,
    0x5F, 0x67, 0xBE, 0x9A, 0x3B, 0x57, 0x72, 0xCB, 0xAB, 0xD2, 0xE5, 0x74, 0xF3, 0xA5, 0xAB, 0x76,
    0xC4, 0x8F, 0xBF, 0xE9, 0x92, 0xD8, 0x5C, 0xDA, 0x70, 0x26, 0x96, 0x1F, 0xDF, 0x4B, 0xB6, 0xF7,
    0x64, 0x59, 0xEE, 0x9F, 0x75, 0xEC, 0x92, 0x38, 0xF7, 0x55, 0x67, 0xD4, 0xFE, 0xC9, 0x51, 0xE9,
    0xC5, 0xD6, 0xEE, 0xB6, 0xDD, 0x17, 0xAF, 0xDC, 0x11, 0x4F, 0x7C, 0xFD, 0x45, 0xB1, 0x77, 0xBC,
    0x73, 0x2E, 0xD1, 0xA1, 0xAC, 0x27, 0x98, 0x3F, 0x04, 0x98, 0x59, 0x50, 0x67, 0x58, 0x01, 0xE6,
    0x80, 0xFC, 0xF4, 0x02, 0x4C, 0x47, 0x36, 0x6B, 0x86, 0x88, 0xFC, 0xDA, 0xDD, 0xB2, 0x37, 0x56,
    0xDA, 0x7C, 0x73, 0x29, 0x2A, 0xAE, 0xBC, 0x7D, 0x5F, 0xFC, 0xF3, 0x15, 0xDB, 0xE3, 0x9F, 0x2E,
    0xD9, 0x16, 0x57, 0x6E, 0xDE, 0x17, 0x7B, 0xC6, 0x26, 0x63, 0x5F, 0x19, 0xF6, 0xE7, 0x55, 0x71,
    0xBA, 0x6B, 0xCF, 0x3B, 0xF6, 0x4B, 0xBE, 0x44, 0x19, 0xFA, 0x4B, 0xF1, 0x91, 0xD3, 0xD9, 0x48,
    0x29, 0x04, 0x17, 0x0D, 0xF6, 0xC5, 0x09, 0x6B, 0x46, 0xE2, 0x11, 0x27, 0x2C, 0xAB, 0x77, 0xA7,
    0xCF, 0xFB, 0x1C, 0xAC, 0x2A, 0x2B, 0xBD, 0xC5, 0x43, 0xFD, 0x9D, 0xBF, 0x29, 0xF2, 0x3D, 0x73,
    0x45, 0x33, 0x3D, 0x0A, 0x73, 0x4A, 0x4E, 0xBB, 0x39, 0x0D, 0xE7, 0x67, 0x7C, 0xF1, 0xBB, 0x2E,
    0x8F, 0x7F, 0xF8, 0xD7, 0x5B, 0xA2, 0x7F, 0xE1, 0x40, 0x5D, 0xB9, 0x1E, 0x4E, 0x75, 0xBE, 0x29,
    0xEF, 0xD1, 0x5A, 0x80, 0xC9, 0x65, 0x40, 0x8E, 0xE7, 0x4C, 0x8D, 0xE6, 0x81, 0x5E, 0x28, 0xDF,
    0x3C, 0xE6, 0x75, 0x17, 0xC6, 0x97, 0x2F, 0xDF, 0x5E, 0x02, 0xCC, 0x82, 0xEF, 0x9A, 0xB4, 0xEF,
    0xAD, 0xEE, 0x72, 0x2C, 0x8B, 0xF3, 0xB7, 0x3D, 0xEF, 0xE4, 0x78, 0xCE, 0x03, 0xD6, 0x1C, 0x58,
    0xDE, 0xB5, 0x2A, 0x3F, 0x4F, 0x37, 0x80, 0xE5, 0xE7, 0x4B, 0xF9, 0x99, 0x32, 0x94, 0xDC, 0x50,
    0x82, 0xFA, 0x57, 0xAE, 0xDA, 0x19, 0x9F, 0xBE, 0x6C, 0x5B, 0xFC, 0xD7, 0x0D, 0xBB, 0x62, 0xD7,
    0xFE, 0xC9, 0x1A, 0x50, 0x72, 0x19, 0x52, 0xFF, 0xF0, 0xCE, 0x1A, 0xF8, 0xE0, 0xC7, 0xEE, 0xAC,
    0x59, 0xCA, 0x22, 0x63, 0xE1, 0x60, 0x7F, 0x2C, 0x1A, 0xEA, 0x8B, 0x15, 0x23, 0x03, 0xF1, 0x43,
    0xC7, 0x2C, 0x89, 0x27, 0x9C, 0xB2, 0x22, 0x1E, 0x7A, 0xDC, 0xD2, 0x58, 0xB7, 0x64, 0xB0, 0x2E,
    0x57, 0xBA, 0xE3, 0x91, 0xF3, 0x57, 0xBE, 0xDC, 0xC1, 0xE3, 0xD6, 0xA2, 0xFC, 0x0C, 0xD9, 0x5C,
    0x39, 0x99, 0xFC, 0xD2, 0x87, 0xAF, 0x8E, 0x3F, 0xFB, 0xCC, 0xF5, 0xD1, 0x57, 0x3E, 0x7F, 0xCE,
    0x23, 0xB3, 0x21, 0xC7, 0x43, 0x80, 0x61, 0x3E, 0x12, 0x60, 0x66, 0x41, 0x9D, 0x61, 0x05, 0x98,
    0x03, 0xF2, 0xD3, 0x0B, 0x30, 0x99, 0x41, 0xCA, 0x0A, 0xBE, 0xB4, 0x6B, 0x2E, 0xE0, 0xD3, 0xE5,
    0x25, 0xB0, 0x7C, 0xA9, 0x2C, 0xE8, 0xBF, 0x76, 0xDD, 0xAE, 0xF8, 0x6C, 0x09, 0x2E, 0x97, 0xDC,
    0xB0, 0x3B, 0xAB, 0x93, 0x4C, 0x36, 0x9D, 0x46, 0xEB, 0x56, 0x01, 0xD3, 0x5F, 0x7E, 0xA0, 0xDA,
    0x67, 0xE5, 0x9F, 0xFC, 0x9A, 0x43, 0x06, 0x9F, 0xF2, 0x75, 0x5D, 0x09, 0x33, 0x8F, 0x3A, 0x69,
    0x59, 0x3C, 0xE8, 0xE8, 0x25, 0xF1, 0x80, 0xA3, 0x17, 0xC7, 0xD9, 0xC7, 0x2F, 0x2B, 0x45, 0x49,
    0xE7, 0xE8, 0xD2, 0xEC, 0xFF, 0xD6, 0x0B, 0x8E, 0x3B, 0xD3, 0x9D, 0xAE, 0x5F, 0xFB, 0xE5, 0x9B,
    0xE3, 0xD5, 0xEF, 0xBF, 0xF2, 0x40, 0x81, 0x9E, 0xCD, 0x72, 0xB8, 0xD4, 0xF9, 0xA6, 0xBC, 0x91,
    0x3D, 0x30, 0x77, 0xDD, 0x63, 0x5E, 0x7B, 0x61, 0xFC, 0xCB, 0x25, 0x5B, 0x0F, 0xCB, 0x1E, 0x98,
    0x6C, 0xF7, 0xC9, 0x52, 0xBC, 0xBF, 0xF2, 0x11, 0x1B, 0xE2, 0x0D, 0xCF, 0x3A, 0xB1, 0xCE, 0x7F,
    0x0B, 0x72, 0x5A, 0x9F, 0xFE, 0x7D, 0x4B, 0x72, 0xB9, 0x91, 0xC1, 0xE5, 0xE0, 0xF0, 0xF5, 0x9F,
    0xD7, 0xEF, 0x2E, 0xC3, 0xAE, 0xF8, 0xFA, 0x8D, 0x7B, 0xE2, 0xBC, 0xAB, 0x76, 0xC4, 0xD7, 0xCB,
    0x72, 0x24, 0x2F, 0x11, 0x1D, 0xB9, 0xBE, 0xC9, 0xE7, 0x7D, 0x9F, 0xE5, 0xC7, 0x9D, 0x3C, 0x54,
    0xDD, 0x69, 0x1F, 0x74, 0x1F, 0xCC, 0x91, 0xC8, 0x09, 0x3A, 0x8B, 0xD2, 0x85, 0x03, 0xF1, 0xF0,
    0x63, 0x97, 0xC6, 0xC3, 0x4A, 0x90, 0xB9, 0xEF, 0x91, 0x8B, 0x6B, 0xB0, 0x39, 0x75, 0xDD, 0xC2,
    0xE9, 0x27, 0x4E, 0x2F, 0x57, 0xCA, 0x38, 0x7C, 0xAF, 0xF7, 0xE9, 0x75, 0xDD, 0x90, 0x78, 0xED,
    0xD6, 0xFD, 0xF1, 0xA3, 0x6F, 0xBA, 0x38, 0xBE, 0x79, 0xED, 0xAE, 0xE8, 0x2B, 0xCB, 0xCC, 0xFC,
    0xF8, 0x33, 0xAD, 0x4E, 0xC7, 0x02, 0x0C, 0xF3, 0x90, 0x00, 0x33, 0x0B, 0xEA, 0x0C, 0x2B, 0xC0,
    0x1C, 0x90, 0x9F, 0x7E, 0x3E, 0x07, 0x98, 0x6C, 0xCA, 0xDC, 0xEB, 0xD2, 0x0D, 0x2E, 0xDF, 0xBC,
    0x69, 0x4F, 0x7C, 0xE8, 0xFC, 0xCD, 0xF1, 0x0F, 0xFF, 0x75, 0x7B, 0x5C, 0x5C, 0x8A, 0x8F, 0x2C,
    0x08, 0x32, 0xB4, 0xE4, 0xCD, 0xF5, 0xB2, 0xB1, 0xEA, 0xA1, 0x65, 0x9D, 0xFF, 0xEF, 0x91, 0xFA,
    0x2E, 0xE5, 0x9F, 0x7A, 0xA8, 0x58, 0xF9, 0x76, 0x7C, 0xA2, 0xBC, 0x7E, 0x6E, 0x85, 0x2D, 0x3F,
    0x8D, 0x2C, 0x1E, 0xA8, 0x27, 0xB8, 0x3F, 0xFB, 0xFE, 0x6B, 0xE2, 0xF1, 0xA7, 0x2C, 0x8F, 0xB5,
    0x4B, 0x06, 0xF3, 0xD9, 0x73, 0xE2, 0xB0, 0x9A, 0x83, 0x65, 0xA1, 0x91, 0xCD, 0x9D, 0x87, 0xCC,
    0x3C, 0xB6, 0x14, 0xC9, 0xE7, 0x5F, 0xB3, 0x33, 0xFA, 0x86, 0x07, 0x3A, 0x6D, 0x7B, 0x98, 0xD4,
    0xF9, 0xA6, 0xBC, 0x71, 0x0B, 0x01, 0x26, 0x5B, 0x21, 0x47, 0x6B, 0x6F, 0x99, 0x2E, 0x72, 0x8F,
    0xDF, 0xD5, 0xA5, 0x50, 0xCB, 0x43, 0x0E, 0x67, 0xAA, 0xD0, 0xE8, 0xBC, 0xCD, 0x54, 0xFC, 0xD9,
    0xE7, 0x6F, 0x8A, 0x2B, 0x6F, 0xDB, 0x7B, 0xC8, 0x1B, 0xA9, 0xF6, 0xC5, 0xD8, 0x54, 0x1C, 0xBD,
    0x7A, 0x24, 0xCE, 0xFD, 0xD9, 0xD3, 0x6B, 0x71, 0xDD, 0xAB, 0x7D, 0xF1, 0x83, 0x74, 0x8B, 0xC2,
    0xB4, 0x75, 0xEF, 0x78, 0x09, 0x2B, 0x3B, 0xE3, 0xE3, 0x17, 0x6E, 0xAD, 0xCB, 0xEC, 0x1B, 0xB7,
    0xEC, 0xCB, 0x99, 0x37, 0xB7, 0x8A, 0xD4, 0x02, 0xBB, 0xB3, 0xEC, 0xEE, 0x6C, 0x28, 0x39, 0xD4,
    0x5D, 0x99, 0x63, 0x90, 0xAF, 0x9F, 0x21, 0xB0, 0x6E, 0x8C, 0xC9, 0xB0, 0x94, 0x8D, 0x5A, 0x96,
    0x5B, 0x27, 0x1F, 0xB1, 0x30, 0x7E, 0xEC, 0xCC, 0xD5, 0xF1, 0x94, 0xD3, 0x56, 0xD4, 0x50, 0x93,
    0x7B, 0x82, 0xF3, 0xFD, 0xF3, 0x79, 0xAD, 0x2E, 0x57, 0x72, 0x0F, 0xEE, 0x60, 0x99, 0x27, 0xDE,
    0xF5, 0x9F, 0xB7, 0xC5, 0xCB, 0xDF, 0x73, 0x45, 0xEC, 0x1B, 0x9D, 0x5E, 0x37, 0x4E, 0xFF, 0x7E,
    0xA6, 0x64, 0xD7, 0x0B, 0x30, 0xCC, 0x47, 0x02, 0xCC, 0x2C, 0xA8, 0x33, 0xAC, 0x00, 0x73, 0x40,
    0x7E, 0xFA, 0xF9, 0x1A, 0x60, 0x0E, 0x5E, 0xD1, 0x7C, 0xB3, 0x84, 0x95, 0x3F, 0xFB, 0xC2, 0x8D,
    0xF1, 0x85, 0x6F, 0xED, 0x88, 0x2B, 0x6F, 0xDC, 0x5D, 0xD7, 0x4C, 0xFD, 0xC3, 0xFD, 0xF5, 0xF7,
    0xB9, 0xA2, 0xCF, 0x5A, 0xE0, 0x70, 0xC8, 0xFE, 0xEC, 0x16, 0x11, 0xD9, 0xDF, 0xB1, 0x6F, 0x22,
    0x16, 0x2C, 0xEC, 0x8F, 0x87, 0x1C, 0xB3, 0xB4, 0x16, 0x1C, 0xAF, 0x79, 0xD4, 0x91, 0xF5, 0xD8,
    0xF6, 0x74, 0xF0, 0xF8, 0xB6, 0xAE, 0x5B, 0x80, 0xBC, 0xE6, 0x43, 0x57, 0xC5, 0x9F, 0x7F, 0xF6,
    0x86, 0xC3, 0x76, 0x9E, 0x45, 0x57, 0x9D, 0x6F, 0x4A, 0xFB, 0xB6, 0x10, 0x60, 0xBA, 0xE3, 0x75,
    0xDB, 0xAE, 0xB1, 0xF8, 0xB1, 0xBF, 0xBF, 0x24, 0xBE, 0x72, 0xC1, 0x96, 0x28, 0x55, 0x67, 0xE7,
    0x17, 0x33, 0xA9, 0xBB, 0xB7, 0xE0, 0x50, 0x9B, 0x9E, 0x90, 0xF3, 0x92, 0xC9, 0x2F, 0x7F, 0xC8,
    0xBA, 0xEF, 0x08, 0x01, 0xAD, 0x98, 0xFE, 0x08, 0xD5, 0xB6, 0xBD, 0x13, 0x25, 0xEC, 0xDD, 0x18,
    0x9F, 0xFF, 0xD6, 0xF6, 0xF8, 0xF7, 0xEB, 0x76, 0xC5, 0x9E, 0xED, 0xA3, 0x11, 0x65, 0x9E, 0xCD,
    0x8D, 0x1E, 0xF9, 0x9C, 0xEC, 0xB6, 0xC3, 0x19, 0xCE, 0xEF, 0x28, 0xDF, 0x33, 0xAF, 0xD0, 0x95,
    0x5F, 0xF3, 0x5D, 0x27, 0x46, 0x27, 0xEA, 0x46, 0x92, 0x35, 0x6B, 0x16, 0xC6, 0x03, 0x8F, 0x5E,
    0x1C, 0x4F, 0x3D, 0x7D, 0x65, 0x9C, 0x73, 0xF6, 0x86, 0x03, 0x5D, 0x7B, 0xF0, 0x67, 0x69, 0x49,
    0xB6, 0x6B, 0x06, 0xC2, 0x1F, 0x79, 0xDD, 0x85, 0xF1, 0x85, 0x4B, 0x0F, 0xDF, 0xB9, 0x5A, 0xDF,
    0x4F, 0xB6, 0xA1, 0x00, 0xC3, 0x7C, 0xE4, 0x2A, 0x64, 0x30, 0x0B, 0xBA, 0x0B, 0xEC, 0x5C, 0xC9,
    0xE4, 0x89, 0xB4, 0x7F, 0x70, 0xEE, 0xF5, 0xF1, 0xA4, 0xBF, 0xBD, 0x30, 0xDE, 0x72, 0xDE, 0xCD,
    0x71, 0xE5, 0x2D, 0x7B, 0xEA, 0x39, 0x19, 0x19, 0x5E, 0x72, 0xCF, 0x4C, 0x86, 0x8A, 0x5C, 0x51,
    0x1E, 0x2E, 0x39, 0x2E, 0xF9, 0x1E, 0x39, 0xE4, 0xCA, 0x64, 0x20, 0x57, 0x80, 0xE5, 0xB1, 0x7F,
    0xBD, 0x7C, 0x7B, 0xFC, 0xD6, 0x27, 0xAE, 0xAD, 0x87, 0xF1, 0x7C, 0xE8, 0xFC, 0x2D, 0x9D, 0xDF,
    0x4F, 0x3F, 0xFF, 0x30, 0x8E, 0xCE, 0x8C, 0xE9, 0x9F, 0x5E, 0xFA, 0xFD, 0xD8, 0x99, 0xAB, 0x62,
    0x65, 0x09, 0x15, 0x19, 0x2E, 0x7A, 0x71, 0xA5, 0x3F, 0x9B, 0x72, 0x7A, 0xC8, 0xF3, 0x1B, 0xB2,
    0x18, 0x1E, 0x1A, 0xEE, 0x8B, 0xFE, 0x91, 0x52, 0x14, 0xCF, 0xE0, 0xB0, 0xE0, 0x30, 0x84, 0x8A,
    0x9A, 0xD5, 0x4B, 0x78, 0xCD, 0x43, 0x25, 0x5F, 0x78, 0xD6, 0x9A, 0xFA, 0x58, 0x4B, 0xE1, 0xE5,
    0xE0, 0x65, 0x47, 0x9E, 0x80, 0xFF, 0xE7, 0x5F, 0xB8, 0x31, 0x1E, 0xFE, 0x97, 0xDF, 0x8C, 0xDF,
    0xFD, 0xE4, 0xB5, 0xF1, 0xF9, 0x8B, 0xB7, 0xC5, 0x9E, 0xFD, 0x13, 0x31, 0xB8, 0x64, 0xB0, 0x73,
    0x62, 0xF9, 0xF4, 0x7C, 0x3D, 0x93, 0xE1, 0x25, 0xE5, 0xBB, 0x65, 0xB1, 0x5A, 0xDF, 0xBB, 0x0C,
    0xFD, 0x43, 0xFD, 0x31, 0xB0, 0x78, 0x30, 0x6E, 0xDF, 0x39, 0x1A, 0x9F, 0x3E, 0x7F, 0x73, 0xFC,
    0xE2, 0x87, 0xAE, 0x8A, 0x87, 0xFC, 0xC5, 0x37, 0xE3, 0x9D, 0xFF, 0x71, 0x5B, 0xEC, 0x1E, 0x2D,
    0x45, 0x6C, 0xE7, 0xCF, 0x0E, 0x7C, 0xB6, 0x56, 0xE4, 0x78, 0xE7, 0xB4, 0xF3, 0x7B, 0x4F, 0xDA,
    0x18, 0xC3, 0x25, 0xE0, 0xB7, 0x36, 0xFE, 0xD0, 0x32, 0x01, 0x06, 0x66, 0x58, 0x16, 0x13, 0xB5,
    0x88, 0x2A, 0xFE, 0xE9, 0xD2, 0x6D, 0xF1, 0xF8, 0xD7, 0x5F, 0x18, 0xBF, 0xF1, 0xF1, 0x6B, 0xE2,
    0xA6, 0x6D, 0xA3, 0xF5, 0x64, 0xD0, 0x3C, 0xD4, 0x23, 0x57, 0xFE, 0x39, 0xCC, 0xF4, 0xFA, 0x30,
    0x57, 0xC0, 0xDD, 0x20, 0x93, 0x01, 0x2A, 0x37, 0xEF, 0x7D, 0xED, 0xAA, 0x1D, 0xF1, 0x93, 0x6F,
    0xBD, 0x34, 0x5E, 0xFA, 0xEE, 0x2B, 0x6A, 0xD8, 0xAA, 0xE3, 0x5E, 0x9E, 0x57, 0x9E, 0xD6, 0xB4,
    0x3C, 0xD4, 0x25, 0xDD, 0xEF, 0xA8, 0xC5, 0x71, 0xD4, 0xF2, 0xA1, 0xF2, 0x81, 0xEA, 0x8F, 0xDC,
    0x41, 0xED, 0xE7, 0xE9, 0xFE, 0xCE, 0x62, 0x74, 0x26, 0x87, 0xC3, 0x32, 0x89, 0xE5, 0x8B, 0x96,
    0xAE, 0xFF, 0xB5, 0xC7, 0x1E, 0x15, 0xC3, 0xB3, 0xB0, 0xC5, 0xFC, 0x9E, 0xCA, 0x79, 0xB3, 0xBB,
    0xEC, 0xC8, 0xEF, 0xDF, 0xFA, 0xEF, 0xB7, 0xC5, 0xC3, 0xFE, 0xFC, 0x82, 0x7A, 0x22, 0xF9, 0xC5,
    0x79, 0x7E, 0x5C, 0x09, 0x2C, 0x75, 0x8F, 0x6D, 0x99, 0x67, 0x73, 0xEF, 0x62, 0x69, 0xBE, 0x9E,
    0xF8, 0x6C, 0x39, 0x0E, 0xDD, 0x30, 0x93, 0xA1, 0xAA, 0x7F, 0xB8, 0x14, 0xFA, 0x65, 0x5E, 0xFB,
    0xDA, 0xB7, 0x76, 0xC4, 0x4B, 0xDE, 0x75, 0x45, 0xFC, 0xC8, 0x6B, 0x2F, 0x88, 0x73, 0x2F, 0xDB,
    0x5E, 0x9F, 0x9B, 0x9F, 0xAD, 0x2E, 0xF7, 0x7A, 0x61, 0xC4, 0xEF, 0x82, 0xE9, 0x45, 0x48, 0x3C,
    0xF2, 0xC4, 0xE5, 0xF1, 0xB2, 0x87, 0xAC, 0xCD, 0x85, 0xE7, 0x61, 0xD9, 0x61, 0x08, 0x7C, 0x37,
    0x01, 0x06, 0x66, 0x50, 0xAE, 0x9C, 0xF3, 0xDC, 0x93, 0xBC, 0x0C, 0xF2, 0xAF, 0x7D, 0xEC, 0x9A,
    0x78, 0xFA, 0x1B, 0x2F, 0xA9, 0x27, 0x80, 0x66, 0xD1, 0x91, 0x57, 0x5A, 0xCA, 0xA2, 0x23, 0x87,
    0xD9, 0x96, 0x05, 0x44, 0x9E, 0xF7, 0x92, 0xEB, 0xE2, 0x05, 0xD3, 0x81, 0xEA, 0x9D, 0x5F, 0xB9,
    0xB9, 0x5E, 0xD6, 0x36, 0xCF, 0x89, 0xC8, 0x15, 0x77, 0xAE, 0xA8, 0x7B, 0x61, 0x5C, 0xEF, 0xA9,
    0xFC, 0x6C, 0x39, 0xFE, 0x2B, 0x17, 0x0E, 0xC4, 0x99, 0x1B, 0x16, 0xD5, 0x07, 0x1A, 0xFE, 0x38,
    0x87, 0xC5, 0x1D, 0xDB, 0x23, 0x7F, 0x9E, 0xC9, 0xE1, 0x50, 0xCB, 0x43, 0x25, 0xA7, 0xC6, 0x26,
    0xE3, 0xA5, 0x0F, 0x5D, 0x1F, 0x4F, 0x3D, 0x6D, 0x65, 0x7D, 0x2C, 0xA7, 0x83, 0x5E, 0x97, 0xF3,
    0x5F, 0x67, 0x9E, 0x5B, 0x50, 0x0F, 0x11, 0x7B, 0xFE, 0x3B, 0x2E, 0x8B, 0x97, 0xBE, 0xF3, 0xB2,
    0xB8, 0xFC, 0xD6, 0x3D, 0x75, 0x5E, 0xCD, 0x79, 0xB4, 0x3E, 0xAF, 0xFC, 0xD0, 0xCB, 0xC5, 0x7F,
    0xCE, 0x6F, 0x75, 0xB9, 0x52, 0x3E, 0xCB, 0x82, 0xA1, 0xB2, 0x5C, 0x29, 0xDF, 0xFF, 0xDB, 0x95,
    0x3B, 0xE2, 0x47, 0xDF, 0x78, 0x51, 0xFC, 0xFC, 0x07, 0xAE, 0x8A, 0xCB, 0x6F, 0xDF, 0x7B, 0x60,
    0x6F, 0x58, 0x2B, 0xCB, 0x96, 0xEE, 0x68, 0xBE, 0xEC, 0xC1, 0xEB, 0x63, 0xC9, 0xE2, 0x3C, 0x8F,
    0xAE, 0x8D, 0x69, 0x0A, 0x5A, 0x27, 0xC0, 0xC0, 0x0C, 0xC9, 0x22, 0x24, 0x57, 0xCE, 0x97, 0xDD,
    0xB6, 0x37, 0x9E, 0xF3, 0xF6, 0xCB, 0xE2, 0xFF, 0x7D, 0xF2, 0xDA, 0x18, 0x9B, 0x9C, 0xAC, 0xC5,
    0x47, 0xAE, 0x04, 0x7B, 0xB1, 0xF0, 0x38, 0x78, 0xBC, 0x72, 0xCB, 0xE9, 0xA5, 0x37, 0xED, 0x89,
    0x9F, 0x78, 0xF3, 0x25, 0xF1, 0x86, 0xAF, 0xDC, 0x52, 0x1F, 0xCB, 0x15, 0x75, 0x0F, 0x8E, 0xF6,
    0x5D, 0xD6, 0x2D, 0x34, 0x5E, 0x70, 0xD6, 0xDA, 0xBA, 0x05, 0xBB, 0xE9, 0x0F, 0xC3, 0xF7, 0x95,
    0x45, 0x73, 0xEE, 0xC1, 0x58, 0xBA, 0x64, 0x30, 0x5E, 0xF5, 0xF0, 0xF5, 0xD3, 0x3F, 0x4F, 0xFF,
    0xB2, 0x87, 0xE5, 0x9E, 0x8B, 0x5C, 0x6E, 0xE4, 0xF2, 0xE3, 0x4D, 0xFF, 0x7A, 0x6B, 0x3C, 0xE5,
    0x0D, 0x17, 0xC5, 0x3F, 0x7C, 0xF5, 0xD6, 0xCE, 0x46, 0x8F, 0xE9, 0x62, 0xBF, 0x17, 0x97, 0x1D,
    0xDF, 0x4F, 0x8E, 0x6E, 0x77, 0x9C, 0x73, 0xF9, 0xB7, 0x7F, 0x7C, 0x2A, 0xFE, 0xEA, 0xB3, 0xD7,
    0xC7, 0xD3, 0xFE, 0xEE, 0xE2, 0xF8, 0xD8, 0x45, 0x5B, 0x0E, 0xDA, 0x40, 0xD2, 0xCE, 0x07, 0x3B,
    0x6B, 0xE3, 0x92, 0x78, 0xE9, 0x83, 0xD7, 0xD5, 0x73, 0x08, 0x5B, 0x3A, 0x24, 0x11, 0x5A, 0x25,
    0xC0, 0xC0, 0x0C, 0xC8, 0x15, 0x71, 0xAE, 0xD4, 0x3E, 0x75, 0xC9, 0xB6, 0x78, 0xE6, 0x5B, 0x2E,
    0x8D, 0x73, 0xCF, 0xDF, 0x1C, 0x03, 0x0B, 0x3B, 0xC7, 0x4C, 0xB7, 0xB2, 0x8E, 0xAE, 0x57, 0x22,
    0x2B, 0xC5, 0xC6, 0xDE, 0xFD, 0x13, 0xF1, 0x73, 0xEF, 0xBF, 0x32, 0x7E, 0xFB, 0x53, 0xD7, 0x75,
    0xB6, 0xA4, 0x4E, 0xFF, 0xBE, 0x45, 0x39, 0xFE, 0xE9, 0xB1, 0x27, 0x2F, 0xEF, 0x1C, 0x46, 0xD6,
    0x50, 0xC1, 0xC4, 0xDD, 0x33, 0x58, 0xE6, 0xBF, 0xA9, 0xDD, 0xE3, 0xF1, 0x13, 0xF7, 0x59, 0x15,
    0x0F, 0x3C, 0x7A, 0x49, 0x7D, 0xAC, 0xDB, 0xFF, 0xBD, 0x2A, 0x43, 0x4B, 0x5E, 0x44, 0xE5, 0xEA,
    0x2D, 0xFB, 0xE3, 0x15, 0xEF, 0xF9, 0x56, 0xBC, 0xE2, 0xDD, 0x97, 0xC7, 0xED, 0x3B, 0xC7, 0xEA,
    0xF9, 0x41, 0x39, 0xA5, 0xCE, 0x85, 0xA9, 0xB5, 0x3B, 0xCB, 0xF5, 0x8F, 0x0C, 0xC4, 0x65, 0x37,
    0xED, 0x89, 0x9F, 0x7C, 0xCB, 0x65, 0xF1, 0xEB, 0x1F, 0xBF, 0x26, 0x76, 0x95, 0xE5, 0x4C, 0xEE,
    0x71, 0xCA, 0xE5, 0x4E, 0x2F, 0xCB, 0x49, 0xA8, 0xEE, 0x55, 0x2A, 0x5F, 0x5F, 0xF5, 0xF0, 0x23,
    0x62, 0xFD, 0xDA, 0x91, 0x18, 0x77, 0x28, 0x19, 0x1C, 0x76, 0x02, 0x0C, 0x1C, 0x46, 0xB9, 0xEA,
    0xCD, 0xAD, 0xBC, 0xB9, 0x22, 0xFE, 0xF8, 0x45, 0x5B, 0xE3, 0x25, 0xEF, 0xBA, 0x3C, 0x2E, 0xB8,
    0x76, 0x57, 0x0C, 0x94, 0x95, 0x75, 0x6E, 0x59, 0x6D, 0x4D, 0x16, 0x54, 0x79, 0x1C, 0xFB, 0xF8,
    0xC4, 0x54, 0xFC, 0xCE, 0xA7, 0xAE, 0x8D, 0x3F, 0xFC, 0xE7, 0x1B, 0xEA, 0xE3, 0xED, 0x7D, 0x92,
    0xEF, 0x94, 0xF7, 0xBD, 0xC9, 0xE3, 0xD8, 0xB3, 0xB3, 0x7A, 0xBD, 0xA8, 0xE5, 0xEE, 0xCB, 0x62,
    0x72, 0x74, 0x6C, 0x32, 0x56, 0x95, 0xE2, 0xF2, 0x95, 0x0F, 0x5B, 0x5F, 0xAF, 0x3E, 0x57, 0x0F,
    0xCB, 0x9A, 0xFE, 0x7D, 0x2F, 0xCA, 0xBA, 0x3D, 0x37, 0x7A, 0x9C, 0x5F, 0x8A, 0xFA, 0x17, 0xBE,
    0xF3, 0xB2, 0x78, 0xCB, 0x79, 0x37, 0xD5, 0x0D, 0x08, 0x7D, 0xFD, 0x9D, 0x43, 0x3A, 0xE7, 0x9A,
    0xFC, 0x4C, 0x79, 0xB2, 0xFF, 0xFE, 0xD2, 0x4F, 0x7F, 0xF8, 0x4F, 0xD7, 0xC5, 0x2B, 0xFF, 0xF1,
    0x5B, 0x71, 0xF3, 0x8E, 0x12, 0xD6, 0xCA, 0x0C, 0xD9, 0xEB, 0x7B, 0x62, 0x72, 0xF9, 0x9E, 0x4E,
    0x5F, 0xBF, 0x28, 0x9E, 0x75, 0xFF, 0x35, 0xF5, 0x8A, 0x6B, 0xDD, 0xC7, 0x80, 0xC3, 0x43, 0x80,
    0x81, 0xC3, 0x24, 0x57, 0xB9, 0xB9, 0xDE, 0xCD, 0xE2, 0xE9, 0x6D, 0x5F, 0xBB, 0xAD, 0x1E, 0xB7,
    0x7E, 0xEB, 0x8E, 0xD1, 0x7A, 0xA2, 0x6D, 0x8B, 0xE1, 0xA5, 0x2B, 0x47, 0xBD, 0x2F, 0x97, 0x1C,
    0x65, 0x05, 0xFD, 0x1B, 0x9F, 0xB8, 0x36, 0xFE, 0xEA, 0x8B, 0x37, 0xD5, 0x42, 0xB0, 0xE5, 0xCF,
    0x94, 0xCE, 0x3E, 0x7E, 0x69, 0xFD, 0xAA, 0xEC, 0x98, 0x7B, 0xEA, 0x05, 0x1B, 0x4A, 0xE8, 0x7E,
    0xDE, 0x03, 0xD7, 0xD6, 0xAB, 0x8F, 0x75, 0xA6, 0xE1, 0xDE, 0xED, 0xE9, 0x5C, 0x6E, 0xE4, 0x28,
    0x7F, 0xF6, 0xF2, 0xED, 0xF1, 0x94, 0xBF, 0xBB, 0x28, 0xCE, 0xBB, 0x62, 0x47, 0xDD, 0x43, 0x91,
    0x85, 0x7C, 0x4B, 0x87, 0x55, 0xDD, 0x5D, 0x75, 0x03, 0x49, 0x59, 0xB6, 0xE4, 0x85, 0x4C, 0xFE,
    0xE1, 0xDF, 0x6F, 0x8B, 0x1F, 0xFF, 0xFB, 0x8B, 0xE3, 0xA2, 0x9B, 0xF7, 0xD4, 0x30, 0xD0, 0xCB,
    0x7B, 0x62, 0x72, 0x4A, 0xAA, 0x81, 0xB8, 0x7C, 0xF3, 0xB4, 0xD3, 0x56, 0xC4, 0xB2, 0xE5, 0x43,
    0xF6, 0xC2, 0xC0, 0x61, 0x26, 0xC0, 0xC0, 0x61, 0x92, 0xF7, 0x07, 0xC8, 0x15, 0xD8, 0x87, 0x2E,
    0xD8, 0x12, 0xBF, 0xFC, 0xE1, 0xAB, 0x62, 0xC7, 0xEE, 0xB1, 0x7A, 0x5F, 0x86, 0xB9, 0xB0, 0xF5,
    0xB4, 0x5B, 0x00, 0x4E, 0x94, 0x95, 0xF4, 0x6F, 0x7C, 0xF2, 0xDA, 0x7A, 0x68, 0x5C, 0x1E, 0xEA,
    0xD2, 0x62, 0x88, 0xE9, 0x8E, 0xF1, 0xA6, 0x75, 0x0B, 0xEB, 0x16, 0xE0, 0x39, 0xD0, 0x3D, 0x1C,
    0xA4, 0x66, 0x97, 0x32, 0x9D, 0x2E, 0x5B, 0x3A, 0x18, 0x4F, 0x3A, 0x75, 0x45, 0x7D, 0x2C, 0x43,
    0x40, 0xAF, 0xD6, 0x96, 0x39, 0xFD, 0xE5, 0x38, 0x7F, 0xE2, 0xE2, 0xAD, 0xF1, 0xFC, 0xB7, 0x5F,
    0x16, 0xD7, 0xDF, 0xBE, 0x2F, 0xFA, 0xF2, 0x02, 0x1F, 0xE5, 0x17, 0x73, 0x38, 0xBB, 0x1C, 0x90,
    0x9F, 0x3F, 0x3F, 0x66, 0x86, 0x98, 0xAF, 0x5E, 0xB1, 0x3D, 0x5E, 0xF4, 0xAE, 0xCB, 0xE3, 0xEB,
    0x37, 0xEE, 0x9E, 0xDE, 0x13, 0xD3, 0x79, 0x4E, 0x2F, 0xCA, 0xE5, 0x61, 0x8E, 0xDF, 0x13, 0x4F,
    0x5D, 0x19, 0x4F, 0x3F, 0x63, 0x55, 0xDD, 0x0B, 0xD3, 0xBD, 0xD2, 0x21, 0x70, 0xE8, 0x09, 0x30,
    0x70, 0x18, 0xE4, 0x8A, 0x2C, 0xB7, 0x1A, 0xE6, 0x16, 0xD4, 0x3C, 0x6C, 0x2C, 0x8F, 0x5B, 0xEF,
    0x1B, 0xE8, 0x9F, 0x53, 0x87, 0x7E, 0xD4, 0xF3, 0x7A, 0x4A, 0x91, 0xB1, 0x63, 0xC7, 0x58, 0xFC,
    0x66, 0x09, 0x31, 0xD7, 0x6F, 0x1F, 0xAD, 0x21, 0xA6, 0xB9, 0x2D, 0xC4, 0xD3, 0xA3, 0x7B, 0xC2,
    0xEA, 0x91, 0x58, 0xB1, 0xB0, 0xBF, 0xFE, 0xAC, 0xEE, 0x98, 0x3B, 0xEA, 0xED, 0x14, 0x4B, 0x31,
    0xF9, 0xA0, 0x8D, 0x4B, 0xE2, 0x69, 0xA7, 0xAF, 0xAC, 0xF3, 0x66, 0xAF, 0xDE, 0xFD, 0x3D, 0xF7,
    0x32, 0xE4, 0x46, 0x8F, 0x4F, 0x4D, 0x87, 0x97, 0x5B, 0xCA, 0x3C, 0x95, 0x27, 0xB9, 0xE7, 0x38,
    0x37, 0x36, 0x57, 0xDD, 0x2B, 0xB9, 0x08, 0xC9, 0xE5, 0x48, 0xDF, 0x70, 0x7F, 0xFC, 0xE7, 0x95,
    0x3B, 0xE3, 0x85, 0xEF, 0xB8, 0x3C, 0x2E, 0xBD, 0x6D, 0x6F, 0x6D, 0x9B, 0x5E, 0x5D, 0xBE, 0xE4,
    0x14, 0xD5, 0x1D, 0xB7, 0xE7, 0x3E, 0x70, 0x4D, 0xAC, 0x58, 0x31, 0x5C, 0x83, 0xB3, 0x65, 0x09,
    0x1C, 0x1E, 0x02, 0x0C, 0x1C, 0x62, 0xB9, 0x0A, 0xCB, 0x15, 0xED, 0xB7, 0x36, 0xEF, 0x8B, 0xD7,
    0x7C, 0xF8, 0xEA, 0xBA, 0xE7, 0x25, 0x8F, 0x5B, 0x6F, 0xAE, 0xB0, 0xBF, 0x0B, 0x32, 0x90, 0x0D,
    0x96, 0xA2, 0xFF, 0x6B, 0x25, 0xA8, 0xFD, 0xCF, 0x8F, 0x5F, 0x5B, 0xAF, 0x26, 0x94, 0xC1, 0xAD,
    0xA9, 0x8F, 0x3A, 0x5D, 0x60, 0xAC, 0x59, 0x3C, 0x10, 0x67, 0x1E, 0xB1, 0x28, 0x3F, 0x54, 0xA7,
    0xE8, 0xA5, 0x79, 0xB5, 0xA8, 0x2C, 0xFD, 0xB9, 0x70, 0xC9, 0x60, 0xBC, 0xFA, 0x11, 0x1B, 0xEA,
    0x63, 0x39, 0x1F, 0xF6, 0x62, 0x51, 0x59, 0xAF, 0x36, 0x56, 0x46, 0x2C, 0x37, 0x7A, 0xBC, 0xEC,
    0x3D, 0xDF, 0x8A, 0xED, 0xBB, 0xC7, 0xEB, 0xA5, 0xD5, 0xE7, 0xE0, 0x62, 0xE3, 0x2E, 0xCB, 0xE0,
    0xD6, 0x37, 0xDC, 0x17, 0x17, 0x5E, 0xB7, 0x2B, 0x5E, 0xFA, 0xAE, 0xCB, 0xE3, 0xE2, 0x5B, 0x33,
    0xC4, 0xF4, 0xEE, 0xE1, 0x64, 0xDD, 0x60, 0x9C, 0x17, 0x05, 0x39, 0x7D, 0xFD, 0xC2, 0x4C, 0xA4,
    0x96, 0x24, 0x70, 0x98, 0x08, 0x30, 0x70, 0x88, 0xE5, 0x0A, 0x6B, 0xFF, 0xF8, 0x64, 0xFC, 0xC2,
    0x07, 0xAF, 0x8A, 0x6F, 0x5E, 0xBD, 0xB3, 0xEE, 0x79, 0x99, 0x8B, 0xE1, 0xA5, 0x2B, 0x4F, 0xE8,
    0xEF, 0x2B, 0x21, 0xE6, 0x1D, 0xFF, 0x71, 0x5B, 0x7C, 0xE6, 0xB2, 0xAD, 0xD3, 0x8F, 0xB6, 0xA3,
    0x5B, 0x60, 0x2C, 0x1D, 0xEE, 0x8F, 0x47, 0x9E, 0xB8, 0xAC, 0x6E, 0xAD, 0xEF, 0xDE, 0xA5, 0x9F,
    0x39, 0xA0, 0x54, 0xC1, 0xF7, 0x3F, 0x72, 0x71, 0xDD, 0xFB, 0x92, 0xB3, 0x61, 0xEE, 0x25, 0xEC,
    0x35, 0xB9, 0x21, 0x20, 0xC7, 0xEB, 0xAA, 0x2D, 0xFB, 0xE3, 0x9C, 0x0F, 0x5C, 0x19, 0x37, 0x6D,
    0xDE, 0x57, 0xF7, 0x6E, 0xCE, 0xE7, 0xF0, 0xD2, 0x55, 0x43, 0xCC, 0x50, 0x7F, 0xFC, 0x6B, 0x09,
    0x76, 0xFF, 0xFD, 0x23, 0x57, 0xC7, 0x9E, 0x9C, 0x3F, 0x4B, 0x50, 0xC8, 0xC7, 0x7B, 0x4D, 0xE6,
    0x97, 0xEC, 0xCB, 0x91, 0x81, 0xBE, 0x1A, 0x62, 0x4A, 0xA7, 0xF6, 0xE4, 0x78, 0xC2, 0x5C, 0x60,
    0x35, 0x0D, 0x87, 0x50, 0xF7, 0x10, 0xB1, 0xD7, 0x9E, 0x77, 0x73, 0x7C, 0xFC, 0xC2, 0x2D, 0xB1,
    0x60, 0x78, 0x6E, 0xEE, 0x79, 0x39, 0x58, 0xF7, 0xD3, 0x4D, 0x96, 0xD0, 0xF6, 0x3F, 0x3E, 0x76,
    0x6D, 0x6C, 0xDF, 0x37, 0x51, 0x57, 0xE4, 0x2D, 0x7D, 0xEA, 0x6E, 0xBF, 0xFD, 0xD0, 0xC6, 0x25,
    0xF3, 0xEB, 0x58, 0x9D, 0x39, 0xAE, 0x76, 0x65, 0x09, 0x06, 0x4F, 0x38, 0x75, 0x45, 0x4F, 0x06,
    0x97, 0x94, 0x93, 0x5E, 0x5E, 0x6D, 0xEC, 0xB6, 0x5D, 0x63, 0xF1, 0xAA, 0xF7, 0x7E, 0x2B, 0x2E,
    0xBE, 0x71, 0x4F, 0xBD, 0xD0, 0x47, 0x77, 0x9A, 0xA4, 0xF4, 0x63, 0x59, 0x86, 0xE6, 0x45, 0x0C,
    0x3E, 0x7E, 0xFE, 0x96, 0xF8, 0x95, 0x12, 0x62, 0xB2, 0x69, 0xB2, 0x3B, 0x7B, 0x71, 0xD1, 0xDA,
    0xBD, 0x38, 0xC4, 0x7F, 0x3B, 0x7B, 0x43, 0xAC, 0x5A, 0x3C, 0x60, 0x2F, 0x0C, 0x1C, 0x26, 0x02,
    0x0C, 0x1C, 0x22, 0x19, 0x54, 0xB2, 0x10, 0xF9, 0xC6, 0x8D, 0xBB, 0xE3, 0xFF, 0x7D, 0xF6, 0x86,
    0xF2, 0xC0, 0xF4, 0x2F, 0xE6, 0x81, 0x5A, 0x50, 0x0C, 0x2C, 0xA8, 0x97, 0x88, 0x7E, 0xED, 0x97,
    0x6E, 0xAE, 0x8F, 0xB5, 0xB8, 0xD2, 0x3E, 0x6A, 0xF9, 0x70, 0x2C, 0x5E, 0x31, 0x1C, 0x63, 0x59,
    0x74, 0xA8, 0x3A, 0xDA, 0x57, 0xA6, 0xCB, 0x45, 0x23, 0xFD, 0xF1, 0xA2, 0x07, 0xAD, 0xED, 0xFC,
    0xDC, 0x63, 0x7D, 0x9A, 0xF5, 0x77, 0x37, 0x57, 0xFD, 0xBF, 0xCF, 0xDD, 0x18, 0x9F, 0x2E, 0x05,
    0x7A, 0xEE, 0x79, 0xC9, 0x13, 0xF6, 0xF9, 0xB6, 0x6C, 0x8D, 0x0C, 0x31, 0xD1, 0xBF, 0x20, 0x5E,
    0x57, 0x96, 0x2F, 0x7F, 0xFF, 0x6F, 0x9D, 0x1B, 0xE9, 0x4E, 0x75, 0x22, 0x6A, 0x4F, 0xC9, 0xEE,
    0xCC, 0xEE, 0x3B, 0xE2, 0xA0, 0x8B, 0x46, 0xE8, 0x4D, 0x38, 0xF4, 0x04, 0x18, 0x38, 0x04, 0x3A,
    0x2B, 0xA8, 0xCE, 0x61, 0x0D, 0x7F, 0xF0, 0x99, 0xEB, 0xE3, 0xE6, 0xCD, 0x79, 0xE5, 0xA0, 0xF9,
    0x75, 0x08, 0x48, 0xFD, 0xAC, 0x25, 0xC4, 0xBC, 0xF5, 0x6B, 0xB7, 0xC6, 0xE6, 0x3D, 0xE3, 0x9D,
    0x07, 0x1B, 0xD1, 0xBD, 0x5A, 0xD0, 0xAA, 0x45, 0xFD, 0x71, 0xC2, 0xEA, 0xE1, 0x3C, 0x21, 0xA1,
    0x1E, 0x6B, 0x4F, 0xBB, 0x6A, 0x30, 0x28, 0xFD, 0xF8, 0xE2, 0x07, 0xAD, 0x8B, 0x13, 0x57, 0x8F,
    0xD4, 0xC7, 0x7A, 0xAE, 0x47, 0xA7, 0x97, 0x0F, 0xE7, 0x5E, 0xBA, 0x2D, 0xFE, 0xF8, 0x73, 0x37,
    0xC4, 0x82, 0xA1, 0xCE, 0x1E, 0xDB, 0x79, 0xB4, 0xD8, 0xB8, 0xCB, 0x72, 0xD9, 0x5A, 0xEF, 0x70,
    0x5F, 0xDA, 0xE7, 0x77, 0xFE, 0xE9, 0xBA, 0xBA, 0xA1, 0x28, 0xE7, 0xD1, 0x5E, 0xCC, 0x7A, 0xDD,
    0x45, 0xC7, 0x4F, 0xDE, 0x6F, 0x4D, 0x5D, 0x0F, 0x00, 0x87, 0x9E, 0x39, 0x0B, 0x0E, 0x81, 0x7A,
    0x1E, 0x48, 0x59, 0x69, 0x9D, 0x7B, 0xD9, 0xB6, 0xF8, 0xD4, 0xC5, 0xDB, 0xEA, 0xB1, 0xCF, 0xF3,
    0x6D, 0xBB, 0x5B, 0xFD, 0xB4, 0xA5, 0x11, 0x2E, 0xBD, 0x65, 0x4F, 0xBC, 0xE5, 0xDF, 0x6E, 0xAD,
    0x8F, 0xB5, 0x72, 0x18, 0x4C, 0xB7, 0xB0, 0x5D, 0xB5, 0x68, 0x30, 0x8E, 0x5D, 0x59, 0x02, 0x8C,
    0xC3, 0x3E, 0x9A, 0x57, 0x37, 0xD8, 0x97, 0x40, 0xF0, 0xA2, 0xB3, 0x3A, 0x7B, 0x5F, 0x7A, 0x71,
    0x4A, 0xCC, 0x42, 0x37, 0xAF, 0xDE, 0xF7, 0xEA, 0x0F, 0x5E, 0x55, 0xA7, 0xB9, 0x9C, 0xE8, 0xE6,
    0xD3, 0x46, 0x8F, 0xBB, 0x2B, 0x97, 0x27, 0x03, 0x65, 0xD9, 0x7A, 0xFD, 0x4D, 0x7B, 0xE3, 0xB7,
    0x4B, 0x88, 0xD9, 0x5D, 0x6F, 0x18, 0xD9, 0x7B, 0x7D, 0xDB, 0x5D, 0x76, 0x3C, 0xE0, 0xA8, 0xC5,
    0xB1, 0x6A, 0x71, 0xE7, 0xCA, 0x86, 0xC0, 0xA1, 0x25, 0xC0, 0xC0, 0xBD, 0x94, 0x05, 0x47, 0xDE,
    0xD9, 0x7B, 0xDF, 0xF8, 0x64, 0xBC, 0xEE, 0xBC, 0x9B, 0x63, 0xE7, 0xB6, 0xD1, 0x18, 0x9C, 0xBE,
    0xF4, 0xE9, 0x7C, 0xD3, 0xD9, 0xEA, 0x3D, 0x55, 0xDB, 0x61, 0xC7, 0xBE, 0x89, 0xBA, 0xC5, 0xB4,
    0xA5, 0x82, 0x6C, 0xF1, 0x70, 0x5F, 0x1C, 0xB9, 0x7C, 0x48, 0xC1, 0xD1, 0xB8, 0x5A, 0xD4, 0x96,
    0x19, 0x70, 0xD3, 0xBA, 0x45, 0x71, 0xEC, 0xAA, 0x12, 0x48, 0x7B, 0x50, 0x77, 0xF9, 0xF0, 0xFA,
    0x32, 0xAF, 0x5C, 0x7A, 0xD3, 0x9E, 0x58, 0x50, 0x96, 0x21, 0xC2, 0xCB, 0x0F, 0x96, 0x57, 0x6B,
    0xEB, 0x5B, 0x34, 0x10, 0x1F, 0xFA, 0xE6, 0xE6, 0xF8, 0xF4, 0x25, 0xDB, 0xA6, 0x1F, 0xED, 0x4D,
    0x47, 0x95, 0x65, 0xC9, 0x83, 0x37, 0x2E, 0xAD, 0xE1, 0xB4, 0x2E, 0x1B, 0x81, 0x43, 0x46, 0x80,
    0x81, 0x7B, 0xA9, 0x5B, 0x73, 0x7C, 0xFC, 0xA2, 0xAD, 0xF1, 0xB1, 0x32, 0xF4, 0x2D, 0xEA, 0xAF,
    0x7B, 0x64, 0xE6, 0xA3, 0x5A, 0x80, 0x0D, 0xF4, 0xC5, 0x75, 0xDB, 0xF7, 0xC7, 0x7B, 0xBE, 0x7E,
    0x7B, 0x7D, 0xAC, 0x97, 0xEF, 0xA0, 0x7D, 0xC0, 0xF4, 0x56, 0xDC, 0xBC, 0xBA, 0xD1, 0xAA, 0x52,
    0x1C, 0x65, 0xB5, 0x31, 0x3F, 0x7B, 0x70, 0x6E, 0xA8, 0x87, 0xFF, 0x8D, 0x4E, 0xC6, 0xA3, 0x4F,
    0x5A, 0x16, 0x1B, 0x96, 0x95, 0x40, 0xDA, 0x63, 0x32, 0xBC, 0x64, 0x41, 0xFB, 0xCD, 0x1B, 0xF7,
    0xC4, 0x1B, 0xFE, 0xF5, 0x96, 0x03, 0xD3, 0x1F, 0x77, 0x4D, 0x3D, 0x1F, 0x66, 0x32, 0xEA, 0xFD,
    0xA7, 0x72, 0x43, 0x49, 0x2F, 0x66, 0x83, 0xEC, 0xCF, 0xDC, 0xB0, 0xF5, 0xF2, 0x87, 0xAC, 0x8F,
    0x18, 0x9B, 0xE8, 0x4C, 0x93, 0xC0, 0x21, 0x23, 0xC0, 0xC0, 0xBD, 0x90, 0x2B, 0xA9, 0x2C, 0x44,
    0x72, 0xAB, 0x60, 0x1E, 0xC7, 0x3E, 0xB1, 0x77, 0xBC, 0xAE, 0xA8, 0xE6, 0x6B, 0x31, 0x52, 0xDB,
    0xA3, 0x2C, 0x55, 0x46, 0xF7, 0x4E, 0xC4, 0x97, 0xAE, 0xDC, 0x51, 0x1F, 0xCB, 0xD5, 0x76, 0xAF,
    0xB7, 0x47, 0x1D, 0xC7, 0xE9, 0xA0, 0xB5, 0x72, 0xD1, 0xE0, 0x81, 0x63, 0x40, 0x94, 0x1C, 0xED,
    0x39, 0x30, 0xBD, 0x95, 0xE2, 0x31, 0x2F, 0x9D, 0x9C, 0xF3, 0x67, 0x86, 0xE8, 0x5E, 0xEA, 0xCB,
    0xEE, 0x59, 0x2E, 0xFF, 0xE7, 0x9F, 0xAF, 0x8F, 0xDB, 0xB6, 0xED, 0xAF, 0x7B, 0x5F, 0xB8, 0xEB,
    0xB2, 0xF5, 0xB2, 0xCD, 0x2E, 0xBC, 0x7E, 0x57, 0xBC, 0xEE, 0xCB, 0x9D, 0x8B, 0x86, 0xF4, 0xDA,
    0x76, 0x92, 0xEE, 0xF8, 0x3C, 0x68, 0xE3, 0xE2, 0x58, 0xBF, 0x6E, 0x61, 0x8C, 0x4F, 0x74, 0x0E,
    0x77, 0x03, 0x0E, 0x0D, 0x01, 0x06, 0xEE, 0x85, 0xEE, 0x4A, 0xEA, 0xDA, 0xAD, 0xB9, 0xC7, 0x61,
    0x73, 0xC4, 0x50, 0x7F, 0x1B, 0x7B, 0x1C, 0x0E, 0xAB, 0xCE, 0x5A, 0xFA, 0xAB, 0xD7, 0xEC, 0x8A,
    0x4B, 0x6E, 0xDD, 0x5B, 0x0F, 0x23, 0x6B, 0xE1, 0xAA, 0x4A, 0xDD, 0x51, 0xAC, 0x77, 0xE3, 0x2F,
    0x1F, 0x61, 0xDE, 0x77, 0x63, 0xA3, 0xF2, 0x32, 0xB6, 0x13, 0xFB, 0x27, 0xE2, 0xA1, 0x27, 0x2D,
    0x8F, 0x07, 0x1C, 0xBD, 0xA4, 0x3E, 0xD6, 0x4B, 0x37, 0x26, 0xCD, 0xF3, 0x38, 0x72, 0x4F, 0xDF,
    0x37, 0x6F, 0xDA, 0x13, 0x5F, 0xBA, 0x6A, 0x67, 0x79, 0xC4, 0x6D, 0x53, 0xEF, 0xB1, 0xD2, 0x8E,
    0xEF, 0xFD, 0xC6, 0xE6, 0x7A, 0xDF, 0xAD, 0x3A, 0xCF, 0x4E, 0x3F, 0xDC, 0x0B, 0xBA, 0x3B, 0x5C,
    0xD6, 0x2C, 0x19, 0x8C, 0xC7, 0x94, 0x69, 0x31, 0xF7, 0x08, 0xDA, 0x0B, 0x03, 0x87, 0x8E, 0x00,
    0x03, 0xF7, 0x42, 0x77, 0x8B, 0xDA, 0xFB, 0xCA, 0x4A, 0x74, 0x5B, 0x09, 0x31, 0xFD, 0x8E, 0x63,
    0x2F, 0x9F, 0xBF, 0x14, 0x68, 0x25, 0xC8, 0x5D, 0x7A, 0xE3, 0xEE, 0xF8, 0xE4, 0x25, 0x9D, 0x1B,
    0x5B, 0x36, 0x90, 0x5F, 0x0E, 0x58, 0xB3, 0x68, 0x30, 0xFA, 0x06, 0xA7, 0x6F, 0x3E, 0xAA, 0xDE,
    0x68, 0x4E, 0xED, 0xB2, 0x89, 0xA9, 0x78, 0xD4, 0x89, 0xCB, 0xEA, 0xA5, 0x6C, 0x6B, 0x37, 0xF6,
    0x50, 0x3F, 0x76, 0xE7, 0x85, 0xF7, 0x7E, 0xFD, 0xF6, 0xB8, 0xFE, 0xF6, 0x7D, 0x65, 0x5A, 0xEB,
    0xCD, 0x2B, 0x69, 0x35, 0xA1, 0xF4, 0xEB, 0xF9, 0x65, 0x39, 0xF3, 0xC1, 0xF3, 0xB7, 0xD4, 0x7E,
    0xEF, 0xA5, 0x8B, 0x86, 0x74, 0x27, 0xB9, 0x45, 0x83, 0x7D, 0x71, 0xE6, 0x86, 0x45, 0x96, 0x25,
    0x70, 0x88, 0x09, 0x30, 0x70, 0x2F, 0x6D, 0xDD, 0x3B, 0x1E, 0x6F, 0xCE, 0xAB, 0x6E, 0xE5, 0x25,
    0x50, 0x55, 0x22, 0x75, 0x2B, 0x68, 0x1E, 0x46, 0x96, 0x97, 0xB0, 0xCD, 0xC3, 0xC8, 0x46, 0xCB,
    0xD7, 0x3C, 0x16, 0xBC, 0x95, 0x60, 0xB7, 0x7A, 0xF1, 0x40, 0xBD, 0x9C, 0x72, 0x56, 0x95, 0x6A,
    0x8E, 0xB6, 0x64, 0x50, 0xA9, 0x45, 0xEC, 0x48, 0x7F, 0x9C, 0xB2, 0xB6, 0x73, 0xE9, 0xE4, 0x0C,
    0xA2, 0xBD, 0xD2, 0x8F, 0x39, 0x2E, 0x39, 0x2F, 0x5C, 0xB5, 0x79, 0x7F, 0x2D, 0xBA, 0xEB, 0x34,
    0x66, 0xAB, 0xFC, 0x3D, 0x92, 0x8B, 0x93, 0xFE, 0x81, 0xBE, 0x18, 0xDD, 0x3D, 0x1E, 0x6F, 0xF8,
    0x4A, 0xE7, 0xBE, 0x30, 0xD9, 0x92, 0xBD, 0xB4, 0x98, 0xA9, 0x1B, 0x41, 0x8A, 0x93, 0xD7, 0x2C,
    0x9C, 0xBE, 0x2B, 0xBF, 0x65, 0x0A, 0x1C, 0x2A, 0x02, 0x0C, 0xDC, 0x43, 0xDD, 0x15, 0xE5, 0x65,
    0xB7, 0xEE, 0x8D, 0xAB, 0xB7, 0xEC, 0xAF, 0xD5, 0x53, 0x2F, 0xAD, 0x3C, 0x67, 0xD3, 0x44, 0xDE,
    0xC4, 0x73, 0xA8, 0x3F, 0xBE, 0x71, 0xE3, 0x9E, 0xB8, 0xEC, 0xF6, 0x7D, 0xF5, 0xB1, 0x5E, 0xBF,
    0xBB, 0x45, 0xB7, 0xB0, 0x58, 0xB9, 0xB0, 0x3F, 0x96, 0x8D, 0x0C, 0xD4, 0xE2, 0xD2, 0x66, 0xD3,
    0xB6, 0xD4, 0x02, 0x76, 0x62, 0x2A, 0x8E, 0x58, 0x36, 0x18, 0x9B, 0xD6, 0x95, 0xA2, 0xB1, 0xC7,
    0x74, 0xB7, 0x6F, 0x7C, 0xEE, 0x8A, 0xED, 0x71, 0x61, 0x99, 0x37, 0xFA, 0x86, 0x6D, 0xF4, 0xB8,
    0x37, 0xEA, 0x79, 0x6B, 0x83, 0x7D, 0xF5, 0x50, 0xD5, 0x7F, 0xBD, 0x66, 0x67, 0xCF, 0x1D, 0xAE,
    0x3A, 0x9D, 0x5F, 0xCA, 0xB4, 0x38, 0x12, 0x47, 0xAF, 0x1C, 0x8E, 0xC9, 0x32, 0x6D, 0xCA, 0xAB,
    0x70, 0x68, 0x08, 0x30, 0x70, 0x2F, 0x7D, 0xA5, 0xAC, 0x38, 0xF7, 0x8D, 0x4E, 0xA8, 0x75, 0x0F,
    0x52, 0xC3, 0x4A, 0xFF, 0x82, 0xB8, 0x7E, 0xDB, 0x68, 0x5C, 0xB3, 0xB5, 0x84, 0xBB, 0x06, 0x74,
    0xB7, 0x84, 0xE7, 0x49, 0xFC, 0x2B, 0x16, 0x66, 0x80, 0xC9, 0xC7, 0xEA, 0x43, 0x34, 0xA2, 0xF6,
    0xE1, 0xF8, 0x64, 0x9C, 0xB8, 0x7A, 0x61, 0x9C, 0xB6, 0x7E, 0xD1, 0xB7, 0x1F, 0xEB, 0x01, 0x59,
    0xCB, 0x0E, 0x4C, 0x1F, 0x73, 0x7A, 0xC1, 0xCD, 0xBB, 0x0F, 0x5C, 0x99, 0xAA, 0x77, 0xCA, 0xED,
    0xF6, 0xD4, 0x80, 0x50, 0x96, 0x33, 0xB7, 0xEC, 0x1C, 0x8D, 0xAF, 0x5D, 0x57, 0xDA, 0x34, 0x1F,
    0xAB, 0xFF, 0xF6, 0x86, 0xEE, 0x39, 0x2F, 0xA7, 0xAC, 0x5D, 0x18, 0x0F, 0x3A, 0x66, 0x49, 0xC4,
    0x7E, 0x57, 0x23, 0x83, 0x43, 0x45, 0x80, 0x81, 0x7B, 0x6A, 0x7A, 0x4D, 0xF9, 0x89, 0x8B, 0xB6,
    0x75, 0x8A, 0xDD, 0xCE, 0x8F, 0x14, 0x59, 0x58, 0x64, 0xB1, 0xB6, 0x7F, 0xCF, 0x58, 0x0D, 0x31,
    0x1D, 0x6D, 0xB4, 0x50, 0xEE, 0x81, 0x59, 0x3E, 0xE2, 0x10, 0xB2, 0x16, 0xD5, 0xFE, 0x1A, 0x9F,
    0x2A, 0x01, 0x66, 0xB8, 0x5E, 0x0E, 0x7B, 0xAC, 0x97, 0xEE, 0xBF, 0x31, 0xBD, 0xBC, 0xD8, 0xB2,
    0x67, 0x3C, 0x2E, 0xBC, 0x79, 0x8F, 0x05, 0xC6, 0x21, 0x50, 0xF3, 0x4B, 0xEE, 0x75, 0x29, 0xC1,
    0xE0, 0x8A, 0xDB, 0xF7, 0xD6, 0xC7, 0x32, 0x1F, 0xF4, 0x4A, 0x88, 0xC9, 0x71, 0xC9, 0x69, 0x70,
    0xE1, 0x60, 0x5F, 0xDC, 0x77, 0xC3, 0xE2, 0xCE, 0x32, 0x45, 0xBF, 0xC3, 0x21, 0x21, 0xC0, 0xC0,
    0x3D, 0x90, 0x2B, 0xC8, 0x5C, 0x11, 0x65, 0x31, 0xF2, 0x9F, 0x37, 0xEC, 0x52, 0x8C, 0xDC, 0x89,
    0xBA, 0xA2, 0x2E, 0x2B, 0xEF, 0x2C, 0xD6, 0x32, 0xD0, 0x64, 0x21, 0xD9, 0x2B, 0x85, 0xC5, 0x9D,
    0xC9, 0xD1, 0xCD, 0xF1, 0x5C, 0x32, 0xDC, 0x1F, 0x8B, 0x87, 0xCA, 0xA2, 0xB1, 0x7B, 0xFC, 0x07,
    0x4D, 0xC8, 0xFE, 0xCB, 0xCB, 0x99, 0xC7, 0xE2, 0x81, 0xCE, 0xD6, 0xEE, 0x1E, 0xD3, 0x3D, 0x84,
    0xF2, 0xD6, 0x5D, 0x63, 0x71, 0xC9, 0xAD, 0xFB, 0x0E, 0x9C, 0x13, 0xC1, 0xBD, 0x53, 0x17, 0xBD,
    0x65, 0x39, 0x73, 0xD5, 0x96, 0xFD, 0x31, 0x5A, 0xC2, 0x6B, 0x5E, 0xE1, 0xAD, 0x17, 0x17, 0x34,
    0xA7, 0xAE, 0x5B, 0x18, 0xFD, 0x4B, 0x86, 0x6A, 0xA0, 0x11, 0x62, 0xE0, 0xDE, 0x13, 0x60, 0xE0,
    0x1E, 0xE8, 0x1E, 0x67, 0x9D, 0x37, 0xAF, 0xDC, 0xBE, 0x77, 0xA2, 0xCE, 0x49, 0x4A, 0x91, 0xEF,
    0x54, 0x9B, 0xA8, 0x14, 0x69, 0x5F, 0xBF, 0x61, 0x77, 0x0D, 0x7A, 0x55, 0x2F, 0x37, 0x52, 0x29,
    0x2A, 0xBA, 0x05, 0xE5, 0xC8, 0xA0, 0x0E, 0x6D, 0x4D, 0x2D, 0x0A, 0xC7, 0x27, 0xE3, 0xC8, 0xE5,
    0x43, 0xF1, 0x88, 0xE3, 0x97, 0xD5, 0xC7, 0xEA, 0xC5, 0x24, 0x7A, 0x44, 0x37, 0xAB, 0xDC, 0x56,
    0x02, 0xCC, 0xB5, 0xB7, 0xEF, 0x8B, 0x81, 0x32, 0x6F, 0xE4, 0x44, 0x97, 0xC1, 0xDE, 0x70, 0xCF,
    0x87, 0xDA, 0xEF, 0x43, 0xFD, 0xF1, 0xAD, 0xD2, 0xA6, 0x57, 0x6F, 0xED, 0x9C, 0x6F, 0x37, 0xD9,
    0x43, 0x33, 0x6F, 0x8E, 0x63, 0xCA, 0x73, 0xB2, 0x8E, 0x5E, 0x31, 0x54, 0xA7, 0xD1, 0xE9, 0x87,
    0x80, 0x7B, 0x41, 0x80, 0x81, 0x7B, 0xA0, 0xBB, 0x7A, 0xFC, 0xE2, 0x95, 0x3B, 0x62, 0x7C, 0x2C,
    0xCF, 0x7F, 0xB1, 0x4A, 0xBA, 0xA3, 0x1A, 0x06, 0x4A, 0x10, 0xF8, 0xCF, 0xEB, 0x77, 0xC7, 0xB6,
    0x7D, 0x9D, 0x00, 0xD3, 0xCB, 0x99, 0x20, 0x7B, 0x70, 0x3A, 0x97, 0xC6, 0x48, 0x16, 0x97, 0x65,
    0xFC, 0x75, 0x6B, 0x63, 0x26, 0x23, 0x8E, 0x5C, 0x36, 0x14, 0xA7, 0xAE, 0xEF, 0x9C, 0xC0, 0xDF,
    0xD7, 0x83, 0xA5, 0x62, 0x5E, 0xB5, 0x30, 0x76, 0x8F, 0xD5, 0xEF, 0x73, 0x43, 0xC8, 0x64, 0x19,
    0xE7, 0x6F, 0x0F, 0xF9, 0xF3, 0x21, 0x1C, 0x26, 0xE6, 0xFE, 0x30, 0x56, 0x02, 0x41, 0xCE, 0xAB,
    0x37, 0xEE, 0x18, 0x8D, 0xDB, 0x77, 0xF7, 0xDE, 0x86, 0x92, 0xEE, 0x39, 0x58, 0x19, 0x5E, 0xD6,
    0x2F, 0x1D, 0xAC, 0xD3, 0xA8, 0x3B, 0xFF, 0xC0, 0xBD, 0x27, 0xC0, 0xC0, 0xDD, 0x94, 0xEB, 0xC6,
    0x3C, 0x4C, 0xA1, 0xD4, 0x07, 0x9D, 0x13, 0xD4, 0x73, 0x85, 0x64, 0x7D, 0xF4, 0x5D, 0x32, 0xBF,
    0xE4, 0x79, 0x30, 0xBB, 0xB7, 0xEF, 0x8F, 0x1B, 0xB7, 0x77, 0xCE, 0x83, 0xE9, 0xF5, 0x66, 0xCA,
    0x3E, 0x4D, 0x0B, 0xF3, 0x10, 0x32, 0x9A, 0x52, 0xBB, 0xAE, 0x74, 0xDB, 0x86, 0x65, 0x83, 0x35,
    0x80, 0xD6, 0xBE, 0xEC, 0xA1, 0x09, 0xAE, 0x5B, 0xC8, 0xEE, 0x1D, 0x2B, 0x0B, 0x8C, 0x12, 0xB2,
    0xD6, 0x2C, 0x19, 0x88, 0xD5, 0x07, 0x0D, 0x79, 0xC3, 0xC3, 0xF5, 0xE5, 0xF1, 0x75, 0x87, 0x68,
    0x58, 0xBF, 0x6C, 0x38, 0x8E, 0x5C, 0x79, 0x68, 0x87, 0xA3, 0x57, 0x8D, 0xC4, 0x31, 0xAB, 0x0F,
    0xDD, 0x70, 0x5C, 0x19, 0x8E, 0x5F, 0xBB, 0x30, 0x8E, 0x5F, 0x53, 0x86, 0xFC, 0x7A, 0x0F, 0x86,
    0x13, 0xF3, 0x6F, 0xD7, 0x2D, 0x3C, 0x70, 0xCF, 0x9F, 0x5E, 0xD3, 0x9D, 0x04, 0x97, 0x0D, 0xF7,
    0xC7, 0x9A, 0xC5, 0x25, 0xC0, 0x14, 0x3D, 0x38, 0x9A, 0xD0, 0x9C, 0x05, 0xF1, 0x9A, 0xF3, 0xCC,
    0x4B, 0x33, 0x2C, 0xD7, 0x63, 0x53, 0xE3, 0x53, 0xF1, 0x98, 0x4D, 0xCB, 0xE3, 0x93, 0x3F, 0x7D,
    0x46, 0x0C, 0x0F, 0xF4, 0x6E, 0x59, 0x97, 0xC7, 0x94, 0x67, 0x11, 0xFA, 0x91, 0x0B, 0xB7, 0xC4,
    0xB3, 0xDE, 0x72, 0x69, 0x8C, 0x4E, 0x74, 0xB6, 0x4A, 0x1F, 0xCA, 0x15, 0x45, 0x7E, 0xFA, 0xA9,
    0xF2, 0x3E, 0x1B, 0xCB, 0xCA, 0xF1, 0x4B, 0xAF, 0x3E, 0x33, 0x8E, 0x29, 0x2B, 0xCA, 0x5E, 0x96,
    0x85, 0x51, 0x1E, 0x16, 0x70, 0xFB, 0xAE, 0xF1, 0x78, 0xE2, 0x1B, 0x2E, 0x8C, 0xFF, 0xBC, 0x6A,
    0x67, 0xF4, 0xE5, 0x3D, 0x60, 0xCC, 0x49, 0xDF, 0x25, 0x4F, 0xB0, 0x9D, 0xD8, 0x33, 0x1E, 0x6F,
    0x78, 0xD1, 0x29, 0xF1, 0xCA, 0x87, 0xAD, 0x9F, 0x7E, 0xB4, 0x77, 0xE5, 0x31, 0xF4, 0x43, 0x65,
    0x7E, 0x3C, 0xE7, 0xFD, 0x57, 0xC5, 0xDF, 0x9C, 0x7B, 0x5D, 0x0C, 0x94, 0xA2, 0xB2, 0x9E, 0x57,
    0x71, 0x08, 0xD4, 0xF9, 0xA6, 0xBC, 0xD6, 0xBA, 0xA5, 0x43, 0xF1, 0xD5, 0x5F, 0xBC, 0x6F, 0x1C,
    0xB7, 0x6A, 0xF8, 0xC0, 0xB4, 0xD4, 0x6B, 0xBA, 0xE3, 0x75, 0xDB, 0xEE, 0xB1, 0x78, 0xCE, 0xDB,
    0x2E, 0x8B, 0xCF, 0x5D, 0xB8, 0x35, 0x06, 0x46, 0xFA, 0x0F, 0x59, 0x5B, 0x1C, 0x36, 0x65, 0xF9,
    0xF4, 0xCA, 0x1F, 0x3E, 0x22, 0xDE, 0xF0, 0xEC, 0x13, 0xCB, 0xB7, 0xD3, 0xE7, 0x43, 0xF4, 0x98,
    0x3C, 0x84, 0xEC, 0x5B, 0x9B, 0xF7, 0xC5, 0x60, 0x7F, 0x5F, 0x59, 0x8E, 0x7E, 0xBB, 0x3D, 0x73,
    0x4C, 0x73, 0x7E, 0xE9, 0x6C, 0x0D, 0x39, 0x14, 0xED, 0xBC, 0x20, 0x2F, 0xD0, 0x75, 0xA0, 0x80,
    0xBE, 0xD7, 0xCA, 0x0B, 0xE5, 0x15, 0xB4, 0x0E, 0xE5, 0xF4, 0x9A, 0x9B, 0x09, 0xFA, 0x72, 0x24,
    0xEF, 0xCD, 0xC7, 0xED, 0x8E, 0x4F, 0x79, 0x8D, 0x23, 0x4B, 0x78, 0x5D, 0x34, 0xD4, 0x5F, 0x5F,
    0xEE, 0x10, 0x8E, 0xE6, 0xBD, 0x92, 0xE3, 0x92, 0xFD, 0x9C, 0x6D, 0xF7, 0xE2, 0x77, 0x5D, 0x1E,
    0x6F, 0xFF, 0xCA, 0x2D, 0x87, 0x74, 0x7D, 0x91, 0xFD, 0x31, 0x59, 0x96, 0x5B, 0x67, 0x1D, 0xBB,
    0x24, 0xCE, 0x7D, 0xD5, 0x19, 0xB1, 0x72, 0xD1, 0x40, 0x4F, 0x7D, 0xFE, 0x83, 0xE5, 0x3D, 0x9A,
    0x72, 0x1A, 0xCF, 0x23, 0x17, 0x9E, 0xF8, 0xFA, 0x8B, 0x62, 0x6F, 0x1E, 0x4E, 0x97, 0xDD, 0x7F,
    0x88, 0xDA, 0x82, 0xF9, 0x45, 0x80, 0x99, 0x05, 0x75, 0x86, 0x15, 0x60, 0x0E, 0xC8, 0x4F, 0xDF,
    0x56, 0x80, 0xE9, 0xAC, 0x8C, 0x2E, 0xBE, 0x65, 0x6F, 0x3C, 0xF9, 0xEF, 0x2E, 0x8A, 0x6B, 0x6E,
    0xDD, 0x1B, 0x7D, 0x83, 0x02, 0xCC, 0x9D, 0xC9, 0x02, 0x72, 0x62, 0xFF, 0x78, 0xFC, 0xE6, 0xD3,
    0x8E, 0x8D, 0xDF, 0x7D, 0xD2, 0x31, 0xD3, 0x8F, 0xF6, 0xAE, 0x6E, 0x80, 0xF9, 0xF9, 0x0F, 0x5E,
    0x15, 0x7F, 0xF5, 0x4F, 0x02, 0x4C, 0x73, 0x01, 0xA6, 0x8C, 0xDE, 0x6F, 0x3F, 0x79, 0x63, 0xFC,
    0xAF, 0x27, 0x6C, 0x3C, 0x50, 0x2C, 0x31, 0xBF, 0xE4, 0x14, 0xDA, 0x6B, 0xBD, 0x9E, 0x27, 0xEE,
    0xE7, 0x0D, 0x4C, 0x7F, 0xE5, 0x23, 0x57, 0xC7, 0x9F, 0x7C, 0xE6, 0xFA, 0x58, 0x50, 0xD6, 0x17,
    0x87, 0x6A, 0x1D, 0x9A, 0x93, 0xB8, 0x00, 0xC3, 0x7C, 0xE4, 0x38, 0x09, 0xB8, 0x9B, 0xBA, 0x35,
    0xDC, 0x55, 0x5B, 0xF6, 0xC5, 0xB6, 0x3C, 0x9E, 0xBD, 0x2C, 0x90, 0x2D, 0x7F, 0xEF, 0x5C, 0xBD,
    0xF2, 0x52, 0x59, 0x43, 0xDD, 0xBC, 0x73, 0xAC, 0xA9, 0x95, 0x54, 0xAD, 0x7B, 0x7B, 0xB1, 0x02,
    0xE0, 0x7B, 0x2B, 0x13, 0xD8, 0x60, 0x09, 0x9F, 0x27, 0xAD, 0xEE, 0xBD, 0x1B, 0x58, 0x1E, 0x2C,
    0x67, 0x83, 0x5C, 0x86, 0xE4, 0xFC, 0x90, 0x5F, 0x0D, 0x87, 0x6E, 0x48, 0xBD, 0x3C, 0xDB, 0x1E,
    0xBF, 0x6A, 0x24, 0xFA, 0x06, 0xFB, 0x63, 0xAA, 0x9E, 0x07, 0x03, 0xDC, 0x1B, 0x02, 0x0C, 0xDC,
    0x4D, 0xDD, 0x42, 0xFC, 0xDA, 0xAD, 0xA3, 0xB1, 0x73, 0x5F, 0x59, 0x13, 0x65, 0xB5, 0x3B, 0xFD,
    0x18, 0x77, 0xA2, 0x34, 0xCF, 0xCD, 0x3B, 0xC6, 0xEA, 0x21, 0x3D, 0x3D, 0x6F, 0xBA, 0xAA, 0xE8,
    0xDE, 0x6C, 0x4E, 0xB7, 0xB6, 0xA1, 0xF6, 0x56, 0xE9, 0xAC, 0xA1, 0xFE, 0x05, 0x71, 0xEC, 0xCA,
    0xA1, 0xCE, 0x63, 0xD3, 0x7D, 0xD8, 0x6B, 0x72, 0xAC, 0x72, 0x91, 0x91, 0xA3, 0x97, 0x5F, 0x0D,
    0x87, 0x6E, 0xE8, 0x55, 0xDD, 0x71, 0xCB, 0xBD, 0xAE, 0x4B, 0x86, 0x4B, 0xD9, 0x95, 0xCB, 0xC2,
    0x1E, 0x1E, 0x5F, 0x68, 0x81, 0x00, 0x03, 0x77, 0x53, 0xB7, 0xA8, 0xBD, 0x6E, 0xDB, 0xFE, 0x98,
    0xDC, 0x3F, 0x5E, 0x56, 0x4E, 0xF6, 0xC0, 0x7C, 0x2F, 0xB5, 0x5D, 0x4A, 0xFB, 0x6C, 0xDD, 0x33,
    0x5E, 0x0F, 0xCF, 0x6A, 0x45, 0x2D, 0x38, 0x7A, 0xB4, 0x00, 0xE6, 0x7B, 0x28, 0x93, 0x57, 0x9E,
    0x57, 0x72, 0xD4, 0x8A, 0xCE, 0x21, 0xA8, 0x7A, 0x8F, 0x5E, 0xD1, 0x0D, 0xD3, 0x19, 0x60, 0x16,
    0x0F, 0x75, 0x6E, 0x92, 0x0B, 0xDC, 0x3B, 0x02, 0x0C, 0xDC, 0x43, 0x37, 0xEF, 0x18, 0x8D, 0x18,
    0x9B, 0xEC, 0xA9, 0x7B, 0x4D, 0xF4, 0xAA, 0xBD, 0x63, 0x13, 0xF5, 0xFC, 0x29, 0x38, 0x6C, 0xA6,
    0xA6, 0x62, 0xA0, 0x7F, 0x41, 0x1C, 0xD3, 0x0D, 0x30, 0x12, 0x0C, 0x3D, 0xA2, 0x3B, 0x29, 0x1E,
    0x5F, 0x03, 0x4C, 0xEE, 0x81, 0x11, 0xB0, 0xE1, 0xDE, 0x52, 0x7A, 0xC1, 0xDD, 0x90, 0x7B, 0xFE,
    0xF3, 0xA2, 0x06, 0x69, 0x73, 0xDE, 0x9C, 0x31, 0xAB, 0x24, 0x75, 0xF9, 0x0F, 0x94, 0x27, 0x7F,
    0x37, 0x71, 0x08, 0x19, 0x4D, 0x3B, 0x62, 0xC9, 0x60, 0xF4, 0x67, 0x7D, 0x68, 0x52, 0xA3, 0x87,
    0xE4, 0x6A, 0x22, 0x97, 0x81, 0x79, 0x85, 0xB4, 0x25, 0xF6, 0xC0, 0xC0, 0x21, 0x21, 0xC0, 0xC0,
    0xDD, 0x90, 0xAB, 0x9D, 0xCC, 0x2F, 0x79, 0x48, 0x54, 0xBD, 0xBB, 0x7C, 0xBF, 0xC3, 0xC7, 0x7E,
    0xA0, 0xE9, 0x95, 0x77, 0xDE, 0x58, 0x0F, 0x0E, 0x9B, 0x52, 0x25, 0x1E, 0xB5, 0xBC, 0x73, 0xFE,
    0x0B, 0xF4, 0xAA, 0x15, 0x8B, 0x06, 0xEA, 0xB4, 0x6A, 0x69, 0x08, 0xF7, 0x8E, 0x00, 0x03, 0x77,
    0x4B, 0x67, 0xB5, 0xB3, 0x63, 0xFF, 0x44, 0xEC, 0x2C, 0x83, 0xE3, 0x54, 0x7E, 0x80, 0xE9, 0xB5,
    0xF4, 0x78, 0x69, 0xAA, 0x89, 0xC9, 0xCE, 0xF7, 0x70, 0xA8, 0x75, 0x8B, 0xC1, 0xBC, 0x44, 0x35,
    0xF4, 0xB2, 0x95, 0x0B, 0x4B, 0x80, 0xC9, 0xCA, 0x4B, 0x82, 0x81, 0x7B, 0x45, 0x80, 0x81, 0xBB,
    0xA1, 0x7B, 0x68, 0xCA, 0xAE, 0x12, 0x5E, 0x76, 0x8F, 0xE6, 0x15, 0xC8, 0xBE, 0xFD, 0x18, 0xDF,
    0x5B, 0xDD, 0x03, 0xA3, 0xA1, 0x38, 0xCC, 0xD6, 0x2E, 0x29, 0xC5, 0x21, 0xF4, 0xA0, 0xEE, 0xA6,
    0xAE, 0xBC, 0x4F, 0x8B, 0x3D, 0x30, 0x70, 0xEF, 0x09, 0x30, 0x70, 0x0F, 0x64, 0x78, 0xD9, 0x33,
    0xDA, 0xDD, 0x03, 0x63, 0x55, 0xF4, 0x83, 0xE4, 0xF9, 0xFB, 0x02, 0x0C, 0x87, 0xDB, 0xFA, 0x25,
    0x83, 0xD3, 0xDF, 0x41, 0x6F, 0x5A, 0xB1, 0xB0, 0xFF, 0xDB, 0x69, 0x06, 0xB8, 0xC7, 0x04, 0x18,
    0xB8, 0x1B, 0xBA, 0x25, 0x78, 0x1E, 0x3E, 0x56, 0xF7, 0xC0, 0x58, 0x11, 0xDD, 0x25, 0xD9, 0x4C,
    0x0B, 0x34, 0x16, 0x87, 0x53, 0x99, 0xBC, 0x96, 0x65, 0x71, 0x38, 0xFD, 0x3D, 0xF4, 0xA2, 0x85,
    0x03, 0xCA, 0x2E, 0x38, 0x14, 0xCC, 0x49, 0x70, 0x0F, 0x64, 0x80, 0xD9, 0x95, 0x7B, 0x60, 0xFA,
    0x1C, 0x0A, 0x00, 0xBD, 0x62, 0x44, 0x71, 0x48, 0x8F, 0x1B, 0xCC, 0x69, 0xD4, 0xB9, 0x93, 0x70,
    0xAF, 0x59, 0xDA, 0xC3, 0x3D, 0x30, 0x36, 0x31, 0x19, 0xE3, 0x13, 0x53, 0x36, 0xF4, 0x42, 0x0F,
    0x19, 0x16, 0x60, 0xE8, 0x55, 0xD3, 0x2B, 0x8B, 0xBC, 0x8A, 0x32, 0x70, 0xEF, 0x59, 0xDA, 0x03,
    0x30, 0x27, 0x0C, 0xE7, 0x4D, 0x60, 0xA0, 0x07, 0x75, 0x37, 0x76, 0x0D, 0xE5, 0x34, 0x9A, 0x3F,
    0xD8, 0x75, 0x0F, 0xF7, 0x8A, 0xA5, 0x3D, 0x00, 0x73, 0xC2, 0x80, 0xAD, 0xDB, 0xF4, 0xB8, 0xFE,
    0xE9, 0x1B, 0x21, 0x03, 0xF7, 0x8E, 0x00, 0x03, 0xC0, 0x9C, 0x90, 0x87, 0x75, 0x02, 0x30, 0xF7,
    0x09, 0x30, 0x00, 0xCC, 0x09, 0xFB, 0xC7, 0x05, 0x18, 0x80, 0xF9, 0x40, 0x80, 0x01, 0x60, 0x4E,
    0xD8, 0x3F, 0x3E, 0x39, 0xFD, 0x1D, 0x00, 0x73, 0x99, 0x00, 0x03, 0xC0, 0x9C, 0xB0, 0x4F, 0x80,
    0x01, 0x98, 0x17, 0x04, 0x18, 0x00, 0xDA, 0x37, 0x15, 0xB1, 0x6D, 0xEF, 0xC4, 0x81, 0xEF, 0xA1,
    0x17, 0x39, 0x85, 0x1F, 0x0E, 0x0D, 0x01, 0x06, 0x80, 0x39, 0xE1, 0x96, 0x5D, 0xA3, 0xD3, 0xDF,
    0x41, 0x6F, 0x9A, 0x12, 0xAE, 0xE1, 0x90, 0x10, 0x60, 0x00, 0x98, 0x13, 0x6E, 0xDB, 0x35, 0x36,
    0xFD, 0x1D, 0xF4, 0x26, 0x37, 0xE1, 0x87, 0x43, 0x43, 0x80, 0x01, 0xA0, 0x69, 0xDD, 0x9A, 0xF0,
    0xD6, 0x9D, 0x02, 0x0C, 0xC0, 0x7C, 0x20, 0xC0, 0x00, 0xD0, 0xBE, 0xA9, 0xA9, 0xB8, 0x7E, 0xBB,
    0x43, 0xC8, 0x00, 0xE6, 0x03, 0x01, 0x06, 0x80, 0x39, 0x60, 0x41, 0xDC, 0xBE, 0x7B, 0x3C, 0xC6,
    0x26, 0xA6, 0x1C, 0xA6, 0x03, 0x30, 0xC7, 0x09, 0x30, 0x00, 0xB4, 0xAF, 0x84, 0x96, 0x0C, 0x2F,
    0xD7, 0x6F, 0xEB, 0xEC, 0x85, 0x71, 0xB2, 0x34, 0xC0, 0xDC, 0x25, 0xC0, 0x00, 0xCC, 0xA4, 0x86,
    0xF6, 0x0E, 0xD4, 0x51, 0xAD, 0x41, 0xA0, 0x81, 0x34, 0x50, 0x03, 0xCC, 0x64, 0xDC, 0xB0, 0x7D,
    0x7F, 0xFD, 0x51, 0x7E, 0x01, 0x98, 0xBB, 0x04, 0x18, 0x80, 0x19, 0xB3, 0x20, 0xA6, 0x1A, 0xBA,
    0xD7, 0xE2, 0x82, 0xF2, 0x5F, 0x7F, 0x03, 0x81, 0xAB, 0x86, 0x95, 0x32, 0x9E, 0xA3, 0x13, 0x53,
    0x71, 0xCD, 0xB6, 0xE9, 0x00, 0x63, 0x17, 0x0C, 0x3D, 0x65, 0x7A, 0x46, 0x6A, 0x60, 0x7E, 0x82,
    0x16, 0x08, 0x30, 0x00, 0x33, 0x68, 0xA2, 0x14, 0xD6, 0xF9, 0x5F, 0x2F, 0xEB, 0xD6, 0x58, 0x79,
    0x2E, 0x49, 0x5F, 0x5F, 0xF9, 0xA7, 0x85, 0x2C, 0x50, 0x46, 0x76, 0x6C, 0x7C, 0x2A, 0xAE, 0xB8,
    0x7D, 0xDF, 0xF4, 0x03, 0xD0, 0x3B, 0x72, 0x36, 0xAA, 0x5F, 0x3B, 0x5F, 0x80, 0x7B, 0x69, 0x41,
    0xBC, 0xE6, 0x3C, 0x9B, 0xA9, 0x66, 0x58, 0x16, 0x05, 0x53, 0x65, 0x45, 0xFB, 0x98, 0x4D, 0xCB,
    0xE3, 0x93, 0x3F, 0x7D, 0x46, 0x0C, 0x0F, 0x74, 0xCB, 0x85, 0xDE, 0x33, 0x3E, 0x39, 0x15, 0x03,
    0x65, 0xC9, 0xFB, 0x91, 0x0B, 0xB7, 0xC4, 0xB3, 0xDE, 0x72, 0x69, 0xDD, 0xC2, 0x59, 0xC7, 0xFF,
    0x10, 0x4E, 0x35, 0xF9, 0xE9, 0xA7, 0xCA, 0xFB, 0x6C, 0x5C, 0x35, 0x12, 0x5F, 0x7A, 0xF5, 0x99,
    0x71, 0xCC, 0xCA, 0xE1, 0xCE, 0x2F, 0x7A, 0x50, 0xB7, 0x3D, 0xDE, 0xFB, 0x8D, 0xDB, 0xE3, 0xD9,
    0x6F, 0xBD, 0xAC, 0x53, 0xE8, 0x1D, 0xE2, 0xF6, 0x98, 0x4B, 0xBA, 0x7D, 0x7B, 0xFC, 0x9A, 0x85,
    0xF1, 0xC5, 0x73, 0xCE, 0x8C, 0xA3, 0x56, 0x0C, 0x75, 0x7E, 0xD1, 0xA3, 0x72, 0xFA, 0x1E, 0xEA,
    0x5F, 0x10, 0xBF, 0xF2, 0x91, 0xAB, 0xE3, 0x4F, 0x3E, 0x75, 0x5D, 0xF4, 0x2F, 0x1A, 0x88, 0x89,
    0x32, 0xFE, 0x87, 0x42, 0x9D, 0x6F, 0x26, 0x23, 0x96, 0x97, 0xD7, 0xFC, 0xCF, 0x5F, 0xBA, 0x6F,
    0x9C, 0xB0, 0x7A, 0x24, 0xF2, 0xA5, 0xBB, 0x85, 0x4D, 0x2F, 0xC9, 0xE9, 0x39, 0xC7, 0x77, 0xDB,
    0xDE, 0xF1, 0x78, 0xDE, 0xDB, 0x2F, 0x8F, 0x4F, 0x95, 0xE9, 0x7D, 0x60, 0xE1, 0x40, 0x9D, 0xFE,
    0x7B, 0x5A, 0xE9, 0xBF, 0x9F, 0x3E, 0xFB, 0x88, 0xF8, 0xDB, 0x67, 0x9D, 0x58, 0x83, 0x62, 0x7F,
    0x7E, 0x88, 0x1E, 0x92, 0xD3, 0xD2, 0x47, 0x2E, 0xDC, 0x1A, 0xFF, 0x71, 0xFD, 0xAE, 0x18, 0x29,
    0xCB, 0xFD, 0x5E, 0x6F, 0x4E, 0x0E, 0x9D, 0x9C, 0xA7, 0x86, 0x4A, 0x9F, 0x7F, 0xE9, 0xCA, 0x9D,
    0xF1, 0x89, 0x8B, 0xB7, 0x4E, 0x3F, 0x7A, 0xEF, 0xE5, 0xF2, 0x63, 0xB2, 0xD4, 0x13, 0x67, 0x1D,
    0xBB, 0x24, 0xCE, 0x7D, 0xD5, 0x19, 0xB1, 0xB2, 0x2C, 0x5F, 0x72, 0xB2, 0xEA, 0xC1, 0xC5, 0x4A,
    0x9D, 0xFE, 0xFB, 0xCB, 0x08, 0x7F, 0xF1, 0xCA, 0x1D, 0xF1, 0xC4, 0xD7, 0x5F, 0x14, 0x7B, 0xC7,
    0x27, 0x0F, 0x79, 0x3D, 0xC1, 0xFC, 0x21, 0xC0, 0xCC, 0x82, 0x3A, 0xC3, 0x0A, 0x30, 0x07, 0xE4,
    0xA7, 0x17, 0x60, 0xE6, 0xA6, 0x6E, 0xDF, 0x0A, 0x30, 0xD3, 0xF3, 0x7D, 0x79, 0xA9, 0x25, 0xC3,
    0xFD, 0xF1, 0xF5, 0x5F, 0xBE, 0x5F, 0x9C, 0xB8, 0xA6, 0xF7, 0x03, 0xCC, 0xF6, 0x7D, 0x13, 0xF1,
    0x82, 0x77, 0x5C, 0x16, 0x1F, 0xFF, 0xAF, 0xDE, 0x0F, 0x30, 0xB5, 0x7D, 0xC7, 0x26, 0xE3, 0xE9,
    0xF7, 0x5F, 0x13, 0x1F, 0x7E, 0xD9, 0xA9, 0xB5, 0x6D, 0xF3, 0xB1, 0x5E, 0x69, 0xDE, 0x6E, 0x9B,
    0xFE, 0xD5, 0x17, 0x6F, 0x8A, 0x9F, 0x2F, 0xCB, 0xD2, 0x58, 0x3A, 0x58, 0x03, 0x17, 0xF3, 0x4C,
    0xCE, 0xF0, 0x87, 0xF0, 0xB8, 0xCC, 0x7C, 0x39, 0x01, 0x86, 0xF9, 0xC8, 0xDE, 0x4C, 0x80, 0x19,
    0x94, 0x2B, 0xF1, 0x56, 0xD6, 0xD7, 0x59, 0x67, 0x0D, 0xF6, 0x95, 0xD5, 0x44, 0x03, 0x23, 0x5C,
    0x0B, 0xB6, 0xC9, 0x88, 0x9B, 0x77, 0x8C, 0xC6, 0xFE, 0x52, 0xD0, 0xD5, 0x60, 0xD8, 0x43, 0xE3,
    0x3D, 0x39, 0x5D, 0xA5, 0x3D, 0xEE, 0x94, 0x15, 0xB1, 0xF6, 0xA8, 0xC5, 0xB5, 0xF2, 0x1C, 0x28,
    0x61, 0xB6, 0x6F, 0xA8, 0xCF, 0x30, 0x8F, 0x86, 0x05, 0x3D, 0xBC, 0xC1, 0x12, 0x5A, 0x22, 0xC0,
    0x00, 0xCC, 0x84, 0x52, 0xBF, 0xE6, 0xD6, 0xC6, 0xBC, 0xD4, 0x6F, 0xB7, 0x98, 0xED, 0x75, 0xB9,
    0xB7, 0xB1, 0x97, 0xF7, 0x10, 0x7F, 0x97, 0xB2, 0x46, 0xBB, 0xA9, 0x04, 0x98, 0x2B, 0x6E, 0xDF,
    0x5B, 0x7F, 0xEC, 0xA5, 0xA8, 0xD8, 0x97, 0x9D, 0x5F, 0x6C, 0x5C, 0x31, 0x14, 0x8F, 0x3A, 0x71,
    0x59, 0xC4, 0xFE, 0x89, 0xFA, 0x73, 0xEE, 0x29, 0x32, 0xCC, 0x9F, 0xC1, 0xDE, 0x06, 0x38, 0x34,
    0x04, 0x18, 0x80, 0x19, 0x90, 0x75, 0x4B, 0x96, 0xB0, 0xE3, 0xA3, 0x93, 0x31, 0xDE, 0xC8, 0x95,
    0xC8, 0xF2, 0x04, 0xFE, 0x3C, 0xA4, 0xAE, 0x05, 0xB5, 0x30, 0xEC, 0xEF, 0x8B, 0x1B, 0x4B, 0x80,
    0x39, 0xEF, 0xEA, 0x1D, 0xF5, 0xB1, 0x89, 0x1E, 0x6A, 0xE7, 0xCC, 0x2F, 0x59, 0xC0, 0xE6, 0x21,
    0x84, 0xF7, 0xDD, 0xB0, 0xB8, 0x37, 0x8F, 0xF1, 0x01, 0x68, 0x84, 0x00, 0x03, 0x30, 0x43, 0xEA,
    0x56, 0xF8, 0x92, 0x5E, 0x0E, 0xD5, 0x79, 0x35, 0x87, 0x5B, 0x1E, 0x86, 0x35, 0x34, 0x50, 0x56,
    0x13, 0x0D, 0x14, 0xDB, 0xD9, 0xA2, 0x03, 0x25, 0x6C, 0x4D, 0xEC, 0x1A, 0x8F, 0xFF, 0xB8, 0x6E,
    0x77, 0xE7, 0xC1, 0x1E, 0xD3, 0xDD, 0xF3, 0xF6, 0xF0, 0xE3, 0x96, 0xC6, 0x8A, 0xE5, 0xC3, 0x31,
    0x5E, 0xA6, 0x85, 0x7A, 0xA8, 0x1B, 0x00, 0x77, 0x8B, 0x00, 0x03, 0x30, 0x93, 0x4A, 0x78, 0xD9,
    0xDF, 0xEB, 0xBB, 0x60, 0xA6, 0x8B, 0xEA, 0xBC, 0x8A, 0x57, 0x53, 0x87, 0x90, 0xA5, 0x92, 0x08,
    0xF2, 0x52, 0xCA, 0x7B, 0xC6, 0x26, 0x63, 0xB0, 0x04, 0x9A, 0x5E, 0x3A, 0x64, 0x27, 0x4F, 0x60,
    0xCE, 0xAB, 0xA3, 0x3D, 0xF6, 0x94, 0xE5, 0xF1, 0xA4, 0xD3, 0x56, 0xE4, 0x55, 0x23, 0x0E, 0x1C,
    0x5A, 0x06, 0xC0, 0x5D, 0x27, 0xC0, 0x00, 0xCC, 0xB0, 0xBC, 0xFA, 0x4E, 0xEA, 0xE5, 0xD2, 0x35,
    0xEB, 0xFE, 0xAC, 0xAD, 0x17, 0x0F, 0x75, 0xF6, 0xC0, 0xB4, 0xB0, 0xCF, 0xA8, 0xEE, 0xD8, 0x1A,
    0xEC, 0x8B, 0x6F, 0x95, 0x00, 0x73, 0xF1, 0xCD, 0x9D, 0xF3, 0x60, 0x7A, 0xE9, 0x7C, 0xA3, 0xEC,
    0xEF, 0xEE, 0xE8, 0x3C, 0xEB, 0x7E, 0xAB, 0x63, 0xC9, 0xF4, 0x5E, 0x18, 0x19, 0x06, 0xE0, 0xEE,
    0x11, 0x60, 0x00, 0x66, 0x52, 0x29, 0x56, 0x77, 0xEE, 0xEB, 0x9C, 0xC0, 0xDD, 0xCB, 0xBA, 0x85,
    0xF6, 0xE2, 0xE1, 0x81, 0x4E, 0x92, 0x69, 0x40, 0x3D, 0x69, 0xBF, 0x7F, 0x41, 0xDC, 0xB0, 0x63,
    0x34, 0x2E, 0xBD, 0xAD, 0x13, 0x60, 0x7A, 0x4D, 0xF7, 0xDE, 0x34, 0x8F, 0x3D, 0x79, 0x45, 0x6C,
    0x5A, 0xB7, 0xB0, 0x5E, 0x4A, 0x59, 0x7E, 0x01, 0xB8, 0x7B, 0x04, 0x18, 0x80, 0x99, 0x54, 0x0A,
    0xD8, 0x1D, 0xDD, 0x00, 0xD3, 0xA3, 0x95, 0x6B, 0x67, 0xB4, 0x3A, 0x09, 0x66, 0xF1, 0xE0, 0xF4,
    0x48, 0x96, 0x1F, 0x7B, 0xBD, 0xD0, 0xCE, 0xD0, 0x95, 0x57, 0x4E, 0x1B, 0xDF, 0x33, 0x1E, 0x57,
    0x6D, 0x99, 0xBE, 0x23, 0x7F, 0x8F, 0x8D, 0x74, 0xE6, 0x97, 0xDC, 0x2B, 0xB4, 0x7C, 0xA4, 0x3F,
    0x9E, 0x73, 0xFF, 0x35, 0x39, 0xC2, 0x31, 0xD9, 0xC8, 0x45, 0x1D, 0x00, 0x7A, 0x85, 0x00, 0x03,
    0x30, 0x43, 0xA6, 0x77, 0x6A, 0xD4, 0x1B, 0x44, 0xA6, 0x5E, 0x0E, 0x04, 0xDD, 0xEB, 0x0C, 0x2C,
    0x1D, 0xC9, 0x3D, 0x30, 0xDF, 0x1E, 0xF7, 0x26, 0x94, 0x91, 0xFD, 0xDA, 0xB5, 0xBB, 0x62, 0xD7,
    0xFE, 0x89, 0xBA, 0xC7, 0xA3, 0x87, 0x8E, 0x22, 0xAB, 0xBA, 0xE7, 0xBD, 0xFC, 0xE2, 0x23, 0x37,
    0xC4, 0x03, 0x8E, 0x5E, 0x5C, 0x1B, 0xBB, 0x97, 0xA7, 0x05, 0x80, 0x5E, 0x23, 0xC0, 0x00, 0xCC,
    0xA4, 0x52, 0xA9, 0x6E, 0xDF, 0x37, 0x3E, 0xFD, 0x43, 0xEF, 0x5B, 0xB7, 0x64, 0x30, 0x06, 0x86,
    0xFA, 0x3B, 0xE7, 0x92, 0x34, 0x50, 0x65, 0xE7, 0x49, 0xF2, 0x31, 0xD2, 0x1F, 0x9F, 0xB8, 0x78,
    0x6B, 0x5C, 0x78, 0xF3, 0x9E, 0xFA, 0x58, 0x2F, 0xDE, 0x77, 0x27, 0x47, 0x29, 0x2F, 0x32, 0xF0,
    0x9A, 0x47, 0x6F, 0xE8, 0xB4, 0xAB, 0x04, 0x03, 0x70, 0x97, 0x09, 0x30, 0x00, 0x33, 0x25, 0xEB,
    0xE8, 0x52, 0xA8, 0x6E, 0xDB, 0xDB, 0xFB, 0xE7, 0xC0, 0x74, 0xEB, 0xE9, 0x23, 0x97, 0x0D, 0xC6,
    0xFA, 0xA5, 0x83, 0xCD, 0x9C, 0xAB, 0xD1, 0x0D, 0x06, 0xA3, 0x3B, 0x46, 0xE3, 0xF3, 0xDF, 0xEA,
    0xDC, 0x0F, 0x26, 0xAF, 0xFE, 0xD5, 0x6B, 0xA6, 0x77, 0xC2, 0xC4, 0xD3, 0x4F, 0x5F, 0x15, 0x8F,
    0x3E, 0x65, 0x45, 0x4C, 0xED, 0xCF, 0x4B, 0x2A, 0xB7, 0xD0, 0xC2, 0xBD, 0x29, 0x9B, 0xCE, 0x25,
    0xA9, 0x61, 0xFE, 0x10, 0x60, 0x00, 0x66, 0x48, 0x3D, 0xC9, 0xBC, 0x54, 0x5A, 0xB7, 0xED, 0x1C,
    0xEB, 0xB9, 0xC3, 0x9A, 0xEE, 0x68, 0xC1, 0x74, 0x31, 0x7D, 0xDC, 0xEA, 0x91, 0x38, 0x7A, 0xC5,
    0x50, 0xBD, 0x7F, 0x4D, 0xF7, 0xB1, 0x5E, 0x57, 0x6F, 0x60, 0x39, 0xDC, 0x1F, 0xFF, 0x74, 0xC9,
    0xB6, 0x12, 0x16, 0x3B, 0x7B, 0xBB, 0x7A, 0xB1, 0xB9, 0x73, 0x1A, 0x58, 0xBE, 0x70, 0x20, 0xFE,
    0xEF, 0xD3, 0x8E, 0x8D, 0xC5, 0x4B, 0x06, 0xEB, 0xF4, 0x21, 0xC3, 0xDC, 0x7D, 0xD9, 0x66, 0x53,
    0xA5, 0xCF, 0xF3, 0x5C, 0x22, 0x21, 0x10, 0xE6, 0x07, 0x01, 0x06, 0x60, 0x26, 0x95, 0xFA, 0xEA,
    0xD6, 0xDD, 0x63, 0x9D, 0x43, 0x9D, 0x7A, 0x58, 0x6E, 0xCD, 0x1E, 0x9B, 0x98, 0x8A, 0xF5, 0xA5,
    0xB0, 0x3E, 0x7D, 0xFD, 0xA2, 0xA6, 0xCE, 0xD3, 0xE8, 0x5C, 0x8D, 0xAC, 0x2F, 0xBE, 0x7E, 0xE3,
    0xEE, 0xB8, 0xB9, 0x84, 0xC5, 0x9E, 0x35, 0xDD, 0xA0, 0x0F, 0x3E, 0x66, 0x49, 0x9C, 0x73, 0xF6,
    0x11, 0x31, 0xB5, 0x77, 0x22, 0x06, 0x14, 0xE0, 0x77, 0x4B, 0x0D, 0x2F, 0x65, 0x3A, 0x5D, 0x32,
    0xD2, 0x1F, 0xCB, 0x16, 0xF6, 0xC7, 0xE4, 0xD8, 0x44, 0x33, 0xD3, 0x29, 0x70, 0xCF, 0x09, 0x30,
    0x00, 0x33, 0xA4, 0x46, 0x96, 0x52, 0x71, 0x6D, 0xDF, 0x3B, 0x5E, 0xC3, 0x41, 0x2B, 0x1E, 0x70,
    0xD4, 0xE2, 0x88, 0x91, 0x81, 0x18, 0x6F, 0x24, 0xC4, 0x64, 0x36, 0xEC, 0x2B, 0x6B, 0xB7, 0x2D,
    0x3B, 0x46, 0xE3, 0xCB, 0x57, 0xEF, 0xAC, 0x8F, 0xF5, 0xE2, 0x78, 0xE7, 0x38, 0x75, 0x2F, 0x96,
    0xF0, 0xF3, 0x8F, 0xD8, 0x10, 0x3F, 0x7C, 0xDA, 0x8A, 0x18, 0xCB, 0x0B, 0x0F, 0x38, 0x16, 0xEA,
    0x2E, 0xA9, 0x59, 0x2F, 0xDB, 0xAF, 0xCC, 0x4B, 0x2F, 0x7F, 0xC8, 0xBA, 0xF8, 0xC2, 0xCF, 0x9D,
    0x19, 0x4F, 0x3C, 0x63, 0x55, 0x4C, 0xE5, 0x7D, 0x96, 0xCA, 0xE3, 0x5A, 0x11, 0xE6, 0x2E, 0x01,
    0x06, 0x60, 0x86, 0xED, 0x1A, 0x9D, 0x8C, 0xD1, 0xF1, 0xDE, 0x0F, 0x30, 0xDD, 0x3A, 0xFA, 0x87,
    0x36, 0x2E, 0x89, 0x0D, 0xCB, 0x3A, 0xE7, 0xC1, 0xB4, 0x52, 0x15, 0xD6, 0x1D, 0x5C, 0xA5, 0xC2,
    0xFD, 0xB3, 0x2F, 0xDC, 0xD8, 0xD3, 0x7B, 0xBB, 0xB2, 0x8D, 0x27, 0x4A, 0x8A, 0x39, 0x72, 0xF9,
    0x50, 0xFC, 0xC5, 0x8F, 0x1F, 0x1F, 0x47, 0xAF, 0x5D, 0x18, 0x13, 0xA3, 0x9D, 0xAB, 0xA7, 0xF1,
    0xBD, 0x75, 0xC3, 0xCB, 0xD4, 0xD8, 0x64, 0x3C, 0xF7, 0xC1, 0xEB, 0xEA, 0x61, 0x78, 0xF7, 0x2B,
    0x41, 0xFB, 0x3D, 0x2F, 0xD9, 0x14, 0xBF, 0xF9, 0xE4, 0x63, 0xEB, 0x74, 0x9A, 0x7B, 0x66, 0xB2,
    0x7D, 0xB5, 0x24, 0xCC, 0x3D, 0x02, 0x0C, 0xC0, 0x4C, 0xA9, 0x45, 0x75, 0xDE, 0xC8, 0x72, 0x3C,
    0xF6, 0x8C, 0xF5, 0xFE, 0x89, 0xFC, 0xDD, 0xF3, 0x09, 0xCE, 0xDC, 0xB0, 0x28, 0x8E, 0x59, 0x35,
    0x52, 0x53, 0x41, 0x2B, 0xC5, 0x60, 0x8D, 0x2C, 0xA5, 0x7A, 0xBD, 0xE0, 0x86, 0x3D, 0xF1, 0xCF,
    0x97, 0x6D, 0xEF, 0x3C, 0xD6, 0xA3, 0x39, 0x26, 0xF7, 0xB8, 0x64, 0x88, 0x39, 0xAB, 0x04, 0xC5,
    0xFF, 0xEF, 0x71, 0x47, 0xC5, 0xE0, 0x70, 0x7F, 0xFD, 0x59, 0x86, 0xB9, 0x73, 0x19, 0x4A, 0xB2,
    0x2F, 0x33, 0xBC, 0xBC, 0xF0, 0x61, 0xEB, 0xE3, 0xCD, 0xCF, 0x3B, 0x29, 0x86, 0x07, 0xFA, 0xEA,
    0x1E, 0xC2, 0xBC, 0xBF, 0xCE, 0xEF, 0x3E, 0x79, 0x63, 0xBC, 0xE3, 0x05, 0x27, 0xC7, 0x31, 0xAB,
    0x47, 0x62, 0x72, 0x34, 0xCF, 0xDD, 0xEA, 0xFC, 0x0D, 0x30, 0x77, 0x08, 0x30, 0x00, 0x33, 0xA9,
    0x14, 0x52, 0x79, 0x1F, 0x98, 0xBD, 0xA5, 0xF8, 0xEA, 0x75, 0x59, 0xF8, 0x65, 0x21, 0xBD, 0xA4,
    0x14, 0xD4, 0x8F, 0x39, 0x71, 0x79, 0xAD, 0x02, 0xCB, 0x8F, 0xED, 0xC8, 0xA2, 0xB5, 0x8C, 0xF0,
    0x3F, 0xFC, 0xD7, 0xED, 0xF5, 0xC7, 0x5E, 0x1E, 0xF5, 0x0C, 0x31, 0xD9, 0xB6, 0x3F, 0xFB, 0xF0,
    0x23, 0xE2, 0xB7, 0x9E, 0xB0, 0xB1, 0x56, 0xE8, 0x39, 0xFA, 0xEA, 0xEE, 0xEF, 0x54, 0xDB, 0x29,
    0xF7, 0x04, 0x96, 0xC6, 0x7A, 0xF9, 0xD9, 0x1B, 0xE2, 0x4D, 0xCF, 0x39, 0x29, 0x46, 0x4A, 0x78,
    0xC9, 0x40, 0x93, 0x37, 0x31, 0xED, 0x86, 0xD4, 0x17, 0x9C, 0xB5, 0x36, 0x3E, 0xFC, 0xF2, 0x53,
    0xE3, 0xEC, 0x53, 0x96, 0xC7, 0x64, 0x99, 0xD7, 0xF2, 0x71, 0x87, 0xE6, 0xC1, 0xDC, 0x21, 0xC0,
    0x00, 0xCC, 0x90, 0x4E, 0x6D, 0x95, 0xE7, 0xC0, 0x4C, 0xC4, 0xBE, 0xE9, 0x43, 0xC8, 0xA6, 0xEB,
    0xAD, 0x9E, 0xD5, 0xDD, 0x0B, 0xF3, 0x0B, 0x8F, 0xDC, 0x10, 0xC7, 0xAE, 0x19, 0xA9, 0x87, 0x91,
    0xB5, 0x52, 0x06, 0xD6, 0xF1, 0x2C, 0x0D, 0xFC, 0xE5, 0xAB, 0x77, 0xC4, 0x2D, 0x3B, 0xC7, 0x0E,
    0x6C, 0xB9, 0xEF, 0x55, 0xDD, 0xFA, 0xFA, 0xD7, 0x1F, 0x7B, 0x54, 0xFC, 0xC2, 0xA3, 0x8F, 0x8A,
    0xC9, 0xFD, 0x9D, 0xBD, 0x07, 0x74, 0x64, 0x40, 0x99, 0x28, 0x61, 0x64, 0xD1, 0x48, 0x7F, 0xFC,
    0xF6, 0x93, 0x8F, 0x89, 0x37, 0x3E, 0xE7, 0xC4, 0x18, 0xEA, 0xEF, 0x84, 0x96, 0x6E, 0x3B, 0x75,
    0xBF, 0xE6, 0xDE, 0x98, 0xFB, 0x1F, 0xB5, 0xB8, 0x84, 0x98, 0xD3, 0xE2, 0x97, 0x1F, 0x77, 0x74,
    0x7D, 0x2C, 0xFF, 0x56, 0x88, 0x81, 0xB9, 0x41, 0x80, 0x01, 0x98, 0x49, 0xA5, 0x7E, 0xDA, 0x37,
    0x36, 0x11, 0x5B, 0xF6, 0xB4, 0x71, 0x33, 0xCB, 0x2C, 0x08, 0xB3, 0x40, 0x3C, 0x62, 0xD9, 0x60,
    0x9C, 0xF3, 0xC3, 0x47, 0x4C, 0x3F, 0xDA, 0x86, 0x9A, 0x55, 0x06, 0x16, 0xC4, 0xA5, 0xB7, 0xEC,
    0x8D, 0x37, 0xFF, 0xDB, 0x2D, 0xF5, 0xB1, 0x5E, 0xBF, 0xFA, 0x5B, 0x8E, 0x5D, 0x16, 0xD9, 0x7F,
    0xFC, 0xF4, 0x63, 0xE3, 0xA7, 0xCE, 0x3E, 0xA2, 0xEE, 0x3D, 0xC8, 0x3E, 0x98, 0xEF, 0x65, 0x77,
    0xE6, 0x8E, 0xF1, 0xD1, 0xC9, 0x58, 0xBD, 0x6C, 0x28, 0x5E, 0xF7, 0x93, 0x27, 0xC6, 0xFF, 0x7A,
    0xE2, 0xC6, 0xDA, 0x56, 0xB9, 0xD7, 0xEA, 0xCE, 0x42, 0x5E, 0x86, 0x9D, 0x0C, 0x31, 0xAB, 0x16,
    0x0D, 0x94, 0xB6, 0x3C, 0x2E, 0xDE, 0xF0, 0xEC, 0x13, 0x63, 0xED, 0xF2, 0xA1, 0x98, 0xD8, 0x3F,
    0x71, 0x20, 0x28, 0x02, 0xED, 0x12, 0x60, 0x00, 0x66, 0x5A, 0x29, 0xBA, 0xBA, 0x77, 0x89, 0x6F,
    0x41, 0xB7, 0x40, 0x7C, 0xF9, 0x43, 0xD7, 0xC7, 0x43, 0x4F, 0x58, 0x56, 0xCF, 0x3D, 0x68, 0xE5,
    0x24, 0xF3, 0x3A, 0x9E, 0x63, 0x53, 0xF1, 0xEE, 0xFF, 0xBC, 0x3D, 0x6E, 0xDF, 0x35, 0x56, 0x0B,
    0xDB, 0x2C, 0x7A, 0x7B, 0x55, 0xB6, 0x6A, 0x8E, 0x5F, 0x8E, 0x67, 0x16, 0xDD, 0xB9, 0xF7, 0x20,
    0xDB, 0x3B, 0x47, 0x79, 0x3E, 0x16, 0xDE, 0x75, 0x32, 0x2B, 0x1F, 0x3E, 0xF7, 0x46, 0x3D, 0xE4,
    0xC4, 0xA5, 0xF1, 0xE9, 0x57, 0x9D, 0x1E, 0x2F, 0x7E, 0xD0, 0xDA, 0xDA, 0x1E, 0x99, 0x45, 0xBF,
    0x5F, 0x9B, 0x74, 0xFB, 0x3A, 0x9F, 0xFB, 0x8A, 0x32, 0xED, 0x7E, 0xFC, 0x15, 0xA7, 0xC5, 0xA3,
    0x4F, 0x5D, 0x51, 0x5E, 0xAB, 0x73, 0xFE, 0x59, 0x23, 0x93, 0x30, 0x70, 0x27, 0x04, 0x18, 0x80,
    0x99, 0x56, 0x2A, 0xAA, 0xAF, 0xDF, 0xB0, 0xFB, 0xC0, 0xF7, 0x2D, 0xC8, 0x62, 0x71, 0xE5, 0xC2,
    0x81, 0x78, 0xD3, 0x73, 0x4F, 0x8A, 0x13, 0x8E, 0x98, 0xBE, 0x52, 0x56, 0x29, 0x10, 0x7B, 0xBD,
    0x08, 0xAC, 0xA5, 0xFF, 0x50, 0x5F, 0x5C, 0x74, 0xCB, 0xDE, 0xF8, 0xC8, 0x85, 0x5B, 0x3B, 0x8F,
    0xF5, 0xF8, 0x5E, 0x98, 0x2C, 0xCA, 0x73, 0x1C, 0xB3, 0x00, 0xFF, 0xC3, 0xA7, 0x1D, 0x1B, 0xBF,
    0xF9, 0x94, 0x63, 0xEA, 0xA1, 0x52, 0x93, 0xE3, 0x53, 0xF3, 0xE6, 0xEA, 0x64, 0xD9, 0x06, 0xF9,
    0x49, 0xA7, 0x46, 0x27, 0x63, 0x61, 0xE9, 0xBF, 0x57, 0x3D, 0xFA, 0xC8, 0xF8, 0xF8, 0x2B, 0x4F,
    0x8F, 0x07, 0x1E, 0xB5, 0xB8, 0x73, 0x18, 0x60, 0x19, 0xF2, 0x39, 0x3F, 0x48, 0x7D, 0x4E, 0x79,
    0x6E, 0x06, 0x99, 0x1F, 0x3A, 0x66, 0x49, 0xBC, 0xEB, 0x45, 0x9B, 0xEA, 0xB9, 0x33, 0xD9, 0xB6,
    0x53, 0xD9, 0x9E, 0x77, 0xE5, 0x45, 0x80, 0x9E, 0x23, 0xC0, 0x00, 0xCC, 0xA0, 0x5A, 0x2E, 0x95,
    0x62, 0xEA, 0xBF, 0x6E, 0xD8, 0x55, 0x7F, 0x6E, 0x45, 0xD6, 0xCD, 0x59, 0x04, 0x9E, 0xBE, 0x7E,
    0x61, 0xBC, 0xF9, 0xB9, 0x27, 0xC7, 0xF1, 0xE5, 0xEB, 0xC4, 0xBE, 0xCE, 0x96, 0xEC, 0x2C, 0x06,
    0x7B, 0xB5, 0x0C, 0xCC, 0x62, 0x37, 0xC7, 0x6F, 0x7C, 0xEF, 0x78, 0x7C, 0xF4, 0xA2, 0x2D, 0xB1,
    0x7F, 0x7C, 0xF2, 0xC0, 0x96, 0xF9, 0x5E, 0x96, 0xE7, 0x1E, 0x75, 0xF7, 0xC4, 0xFC, 0xEE, 0x93,
    0x8E, 0x89, 0xB7, 0x3E, 0xFF, 0xE4, 0x58, 0x9F, 0x87, 0x40, 0x35, 0x12, 0x1C, 0xEF, 0xA9, 0xFC,
    0x5C, 0xB5, 0x7F, 0x26, 0xA6, 0xEA, 0x65, 0x90, 0x4F, 0x3E, 0x72, 0x51, 0xBC, 0xF7, 0xA5, 0x9B,
    0xE2, 0x75, 0x3F, 0x79, 0x42, 0xAC, 0x5E, 0x34, 0x50, 0xFB, 0x33, 0x9F, 0x73, 0x77, 0x3E, 0x7F,
    0x3E, 0xB7, 0xBC, 0x64, 0x6D, 0xCF, 0xBC, 0x1C, 0xF8, 0x1B, 0x4B, 0x08, 0xFF, 0x93, 0x1F, 0x3B,
    0x2E, 0x56, 0x2C, 0x19, 0xA8, 0x87, 0x94, 0xCD, 0xE5, 0xF6, 0x84, 0xB9, 0x4A, 0x80, 0x01, 0x98,
    0x05, 0x57, 0x6D, 0xDE, 0x1F, 0x63, 0x13, 0x6D, 0x9D, 0xA4, 0x9D, 0x45, 0x60, 0x5E, 0x95, 0xEC,
    0x91, 0x27, 0x2E, 0x8B, 0x8F, 0xBD, 0xE2, 0xF4, 0x78, 0x66, 0x1E, 0xCA, 0x33, 0x19, 0x31, 0x5E,
    0x8A, 0xC0, 0xFC, 0x1C, 0x35, 0xC8, 0xF4, 0xE0, 0xE7, 0xC9, 0xF3, 0x5E, 0x16, 0x8C, 0xF4, 0xC7,
    0x87, 0xBE, 0xB9, 0x25, 0xDE, 0xF7, 0x8D, 0xCD, 0xF5, 0xB1, 0xA9, 0xBA, 0x19, 0xBF, 0xB7, 0x65,
    0x7B, 0xA7, 0x1C, 0xD5, 0xE7, 0x3E, 0x60, 0x4D, 0xBD, 0xC7, 0xC9, 0xA3, 0x4E, 0x5D, 0x11, 0x13,
    0x7B, 0xC6, 0x0F, 0x04, 0xB3, 0xB9, 0x24, 0x3F, 0x4F, 0x7E, 0xAE, 0xF1, 0xF2, 0xF9, 0x32, 0xAC,
    0xFD, 0xDA, 0xE3, 0x8F, 0x8E, 0x2F, 0x9E, 0x73, 0x9F, 0x78, 0xEA, 0x69, 0x2B, 0xEB, 0xE3, 0xD9,
    0x63, 0xF7, 0x66, 0xFA, 0xCA, 0xE6, 0xCA, 0xD7, 0xC8, 0x20, 0x93, 0x37, 0x0E, 0xFD, 0xE0, 0xCB,
    0x4E, 0x8D, 0x87, 0x9F, 0x52, 0xDA, 0xB3, 0x84, 0xDB, 0xEE, 0xEF, 0x81, 0x36, 0x08, 0x30, 0x00,
    0x33, 0xAD, 0x2C, 0x79, 0xF3, 0x32, 0xCA, 0x79, 0x58, 0x53, 0x6A, 0xA0, 0x96, 0x3E, 0x20, 0xB7,
    0x56, 0x67, 0x88, 0x39, 0xFD, 0x88, 0x85, 0xF1, 0xDE, 0x52, 0x50, 0xBF, 0xF6, 0x59, 0x27, 0xC4,
    0x7D, 0x8E, 0x59, 0x12, 0x93, 0x13, 0x9D, 0xC2, 0xB3, 0x5B, 0x58, 0xE7, 0x1E, 0x84, 0x2C, 0x08,
    0xB3, 0xE0, 0xCC, 0xBA, 0x70, 0x36, 0x6B, 0xC3, 0x1C, 0xA7, 0x7A, 0xE8, 0xD5, 0xE8, 0x44, 0xBC,
    0xF9, 0xDF, 0x6E, 0x8D, 0xCD, 0xBB, 0xC7, 0xEB, 0xE7, 0x68, 0xA5, 0xDD, 0x73, 0xD4, 0xF3, 0x90,
    0xB2, 0x47, 0x95, 0xE0, 0xF8, 0xFE, 0x9F, 0x3A, 0x35, 0x7E, 0xEE, 0xB1, 0x47, 0xD5, 0x43, 0xCA,
    0x32, 0x38, 0xCE, 0x85, 0xBD, 0x07, 0x39, 0x9D, 0xE4, 0xE7, 0xC8, 0xBD, 0x64, 0xF9, 0xB9, 0x7E,
    0xE2, 0x87, 0xD6, 0xC6, 0xFB, 0x5E, 0x72, 0x6A, 0x3D, 0x7C, 0x6E, 0xFD, 0xD2, 0xC1, 0x4E, 0x00,
    0x2D, 0xCF, 0x39, 0x14, 0x1F, 0x33, 0x5F, 0x23, 0xDF, 0x2F, 0xA7, 0xE1, 0x47, 0x9F, 0xB8, 0x3C,
    0x3E, 0x5C, 0x42, 0xCC, 0x0B, 0x1E, 0x76, 0x44, 0xDD, 0xDB, 0x93, 0x7B, 0x7D, 0xBA, 0x57, 0xDD,
    0x03, 0x7A, 0x9B, 0x00, 0x03, 0x30, 0x83, 0x6A, 0xCD, 0x5C, 0x6A, 0xA4, 0x7D, 0xE3, 0x93, 0x71,
    0xFE, 0x4D, 0x9D, 0x13, 0xF9, 0x7B, 0xFD, 0x9C, 0x8C, 0x3B, 0xCA, 0x62, 0x33, 0xC7, 0x39, 0x6B,
    0xBD, 0xBC, 0x6F, 0x49, 0x5E, 0xAA, 0xF6, 0xDD, 0x2F, 0x3E, 0x25, 0x5E, 0xF9, 0xE8, 0x23, 0x63,
    0xE9, 0x70, 0x7F, 0x8C, 0xEF, 0x1A, 0xAB, 0x27, 0x4A, 0xD7, 0xFB, 0x6F, 0x8C, 0x4F, 0xC5, 0x54,
    0x29, 0x16, 0xEB, 0x1E, 0x8F, 0xBB, 0xF1, 0x31, 0x0F, 0x75, 0x19, 0x99, 0x57, 0xA4, 0xEA, 0x5F,
    0x38, 0x50, 0x6F, 0x6A, 0xF9, 0xD5, 0x6B, 0x76, 0x4E, 0x3F, 0xDA, 0x8E, 0x2C, 0xAC, 0xF3, 0x33,
    0xE4, 0x61, 0x54, 0x7F, 0xFD, 0xCC, 0x13, 0xEA, 0x3D, 0x4E, 0x1E, 0x77, 0xC6, 0xCA, 0x7A, 0x18,
    0x5F, 0xB6, 0x71, 0x6A, 0xA9, 0xF4, 0x3E, 0x78, 0x5C, 0x73, 0x3A, 0xC9, 0xCF, 0xF1, 0x8C, 0x07,
    0xAD, 0xAB, 0x7B, 0x45, 0xDE, 0xF9, 0xA2, 0x53, 0xE2, 0xEC, 0x13, 0x96, 0xD6, 0xCF, 0x9B, 0x93,
    0xCD, 0xE1, 0x38, 0xEF, 0xA7, 0x1B, 0xC4, 0xD7, 0x2C, 0x1E, 0x88, 0xB7, 0x3C, 0xEF, 0xA4, 0xF8,
    0x8B, 0xD2, 0xA6, 0x2B, 0x16, 0x0F, 0xC6, 0x64, 0x09, 0xB9, 0x42, 0x0C, 0xF4, 0x3E, 0x01, 0x06,
    0x60, 0xA6, 0x95, 0x02, 0x69, 0xAC, 0x04, 0x98, 0x4B, 0x6E, 0xED, 0xEC, 0x81, 0x69, 0x51, 0x16,
    0x79, 0x59, 0x5C, 0x66, 0x11, 0x78, 0xFC, 0xAA, 0xE1, 0x78, 0xEE, 0x03, 0xD7, 0xC4, 0xDF, 0x94,
    0x22, 0xF0, 0xBF, 0x7E, 0xE5, 0x7E, 0xF1, 0xC1, 0x73, 0xCE, 0x8C, 0xFF, 0xF1, 0xE4, 0x63, 0xE2,
    0xE9, 0xF7, 0x5F, 0x13, 0x3F, 0x74, 0xFC, 0xD2, 0x38, 0x79, 0xFD, 0xA2, 0x58, 0xBB, 0x74, 0x28,
    0x46, 0x06, 0xCB, 0x2A, 0x27, 0xFF, 0xA8, 0xFC, 0x4D, 0x1D, 0x26, 0xBE, 0xF7, 0x90, 0x5B, 0xC4,
    0xEF, 0x4E, 0xE0, 0xB9, 0x2B, 0x6A, 0x88, 0x2A, 0xEF, 0xFB, 0x7B, 0xE7, 0x5E, 0x5F, 0x6F, 0x26,
    0xDA, 0x5A, 0x9D, 0x5A, 0xCF, 0x0D, 0x29, 0x9F, 0x21, 0x3F, 0xC6, 0x93, 0x4E, 0x5D, 0x19, 0xEF,
    0x7F, 0xE9, 0xA9, 0xF1, 0xDA, 0xE7, 0x9F, 0x14, 0x67, 0x1E, 0xB5, 0xB8, 0x7E, 0xAE, 0x4E, 0x9B,
    0x75, 0x82, 0x65, 0xEE, 0x65, 0xE8, 0xB5, 0x8F, 0x57, 0xC7, 0x29, 0x47, 0x2A, 0x47, 0x73, 0xBA,
    0x9F, 0x17, 0x96, 0x69, 0xE2, 0x29, 0xF7, 0x59, 0x1D, 0x1F, 0x7C, 0xD5, 0xE9, 0xF1, 0xCE, 0x17,
    0x9E, 0x1C, 0x4F, 0x39, 0x6D, 0x65, 0x2C, 0x9C, 0xBE, 0xAB, 0xFE, 0xE1, 0x3E, 0x24, 0xB1, 0x86,
    0x98, 0xD2, 0x5E, 0x03, 0xFD, 0x0B, 0xEA, 0x21, 0x65, 0xF9, 0xFE, 0x67, 0x6C, 0x5C, 0x1C, 0x93,
    0x65, 0xDE, 0x4C, 0xAD, 0x4D, 0x1F, 0x30, 0x9F, 0x2C, 0x88, 0xD7, 0x9C, 0x57, 0x96, 0x22, 0xCC,
    0xA4, 0x5C, 0x28, 0xE6, 0x16, 0xB3, 0xC7, 0x6C, 0x5A, 0x1E, 0x9F, 0xFC, 0xE9, 0x33, 0x62, 0x78,
    0xA0, 0x77, 0x97, 0x92, 0xDD, 0x95, 0xC8, 0x47, 0x2E, 0xDC, 0x12, 0xCF, 0x7A, 0xCB, 0xA5, 0x31,
    0x5A, 0x56, 0x38, 0x75, 0xFC, 0x0F, 0xE1, 0x54, 0x93, 0x9F, 0x3E, 0xB7, 0xD0, 0x6E, 0x5C, 0x35,
    0x12, 0x5F, 0x7A, 0xF5, 0x99, 0x71, 0xCC, 0xCA, 0xE1, 0xCE, 0x2F, 0x7A, 0x50, 0xB7, 0x3D, 0xDE,
    0xFB, 0x8D, 0xDB, 0xE3, 0xD9, 0x6F, 0xBD, 0xAC, 0x53, 0x20, 0x1C, 0xE2, 0xF6, 0x98, 0x4B, 0xBA,
    0x7D, 0x7B, 0xFC, 0x9A, 0x85, 0xF1, 0xC5, 0x52, 0xD4, 0x1E, 0xB5, 0x62, 0xA8, 0xF3, 0x8B, 0x1E,
    0x95, 0xD3, 0x77, 0x1E, 0xC2, 0xF2, 0x2B, 0x1F, 0xB9, 0x3A, 0xFE, 0xE4, 0x53, 0xD7, 0x45, 0xFF,
    0xA2, 0x81, 0x5A, 0xA0, 0x1F, 0x6A, 0xB5, 0x5D, 0xCA, 0x7B, 0xBD, 0xE8, 0xC1, 0xEB, 0xE2, 0x6D,
    0x2F, 0x38, 0xB9, 0x16, 0xA5, 0x2D, 0x6F, 0xF5, 0xED, 0x36, 0x51, 0x16, 0xA8, 0x07, 0xCB, 0xF9,
    0x65, 0xCF, 0xD8, 0x64, 0xEC, 0xDE, 0x3F, 0x59, 0xBE, 0x4E, 0xC4, 0xBE, 0xB1, 0xA9, 0xD8, 0x5B,
    0xBE, 0xDE, 0xBC, 0x73, 0x34, 0x6E, 0xDE, 0x31, 0x16, 0x5B, 0xF6, 0x4E, 0xC4, 0xAE, 0x7D, 0xE3,
    0x35, 0x4C, 0xEC, 0xDC, 0x3F, 0x51, 0x4F, 0xB0, 0x1F, 0xCD, 0x3D, 0x36, 0xE5, 0x6F, 0xF3, 0x10,
    0xBB, 0x2F, 0x5F, 0xBD, 0x33, 0xB6, 0xE5, 0xFD, 0x72, 0x0E, 0x61, 0xD3, 0xE4, 0x38, 0x4E, 0x8E,
    0x4E, 0xC6, 0x1F, 0x97, 0xB0, 0xF5, 0xCB, 0x8F, 0x3E, 0xB2, 0xCE, 0xBB, 0xAD, 0x35, 0x7D, 0xB6,
    0x4F, 0x4E, 0x33, 0xDD, 0x3D, 0x13, 0x9B, 0x77, 0x8F, 0xC5, 0x07, 0x2F, 0xD8, 0x1A, 0x7F, 0xFA,
    0x2F, 0x37, 0xC4, 0x65, 0xB7, 0xEE, 0x8B, 0x89, 0x2C, 0xC0, 0xB3, 0x53, 0x4A, 0x38, 0xE8, 0x84,
    0x9E, 0xFC, 0x9B, 0xFA, 0x4F, 0xFD, 0xDB, 0x99, 0x92, 0xA3, 0x97, 0x63, 0x98, 0xD3, 0x76, 0x8E,
    0x6F, 0xEE, 0x69, 0xA9, 0x23, 0x50, 0xC6, 0x6B, 0xD9, 0x48, 0x7F, 0x3C, 0xA7, 0x04, 0xDC, 0x73,
    0xCE, 0xDE, 0x10, 0x27, 0xAD, 0x1D, 0x89, 0x45, 0x19, 0x6E, 0x8B, 0x0C, 0x14, 0x7D, 0xE5, 0xAF,
    0x66, 0xB2, 0x4F, 0xB2, 0x7D, 0xF2, 0xED, 0xF2, 0x3D, 0x6F, 0xDA, 0x31, 0x1A, 0x3F, 0xF3, 0xDE,
    0x2B, 0xE3, 0xA3, 0xDF, 0xDC, 0x5C, 0x1F, 0xEC, 0x2F, 0x61, 0xEA, 0x70, 0x2C, 0x03, 0x0E, 0x95,
    0x3A, 0x3D, 0x97, 0x79, 0xE6, 0xAC, 0x63, 0x97, 0xC4, 0xB9, 0xAF, 0x3A, 0x23, 0x56, 0xE6, 0x85,
    0x0E, 0xCA, 0xE3, 0x33, 0xD8, 0x7C, 0x77, 0x59, 0xB6, 0x63, 0x86, 0xC6, 0x2F, 0x5E, 0xB9, 0x23,
    0x9E, 0xF8, 0xFA, 0x8B, 0x62, 0x6F, 0x99, 0x4E, 0xB3, 0xCD, 0x73, 0x1E, 0x84, 0xBB, 0xCB, 0x1E,
    0x18, 0x80, 0x19, 0x56, 0x8B, 0xB3, 0xB2, 0x32, 0xBF, 0x6A, 0x4B, 0x9E, 0xC8, 0x9F, 0x1B, 0x05,
    0xDA, 0x39, 0x1F, 0xE3, 0xCE, 0x64, 0x11, 0x95, 0x43, 0x7E, 0x84, 0x4E, 0xB1, 0xDC, 0x91, 0xC5,
    0xF3, 0xB2, 0xE1, 0xFE, 0x7A, 0xE5, 0xA7, 0x13, 0x57, 0x8F, 0xC4, 0x19, 0x47, 0x2C, 0x8C, 0x07,
    0x6D, 0x5C, 0x12, 0x4F, 0x3B, 0x7D, 0x55, 0xBD, 0x2F, 0xC7, 0xAF, 0x3E, 0xE6, 0xC8, 0xF8, 0xDD,
    0x27, 0x1F, 0x13, 0x7F, 0xF1, 0x13, 0xC7, 0xC7, 0xDF, 0x3F, 0xF7, 0xA4, 0x78, 0xE7, 0x0B, 0x4F,
    0xA9, 0x57, 0x9C, 0x7A, 0x5F, 0x19, 0x3E, 0xFE, 0xCA, 0xD3, 0xE2, 0xCC, 0x23, 0x16, 0x65, 0xD5,
    0x73, 0x48, 0x8B, 0xB1, 0xDA, 0xCE, 0x25, 0xA4, 0xBE, 0xE1, 0x2B, 0xB7, 0xC4, 0x2D, 0x25, 0x48,
    0xD5, 0x02, 0xAA, 0xF3, 0xAB, 0x66, 0x64, 0x7B, 0x64, 0x78, 0xE9, 0x4E, 0x33, 0xAB, 0x17, 0x0F,
    0xC6, 0x2B, 0x1E, 0xB2, 0x2E, 0xFE, 0xE3, 0x97, 0xEE, 0x17, 0x6F, 0x79, 0xFE, 0x49, 0xF1, 0xEC,
    0xB3, 0xD6, 0xC4, 0xA6, 0x23, 0x17, 0xD7, 0x0F, 0x56, 0x0F, 0xE7, 0x2B, 0x85, 0x62, 0x3E, 0x37,
    0x83, 0xC4, 0x60, 0xF9, 0xEC, 0x59, 0x44, 0xD6, 0x69, 0xF0, 0x10, 0xCB, 0x97, 0xEC, 0xBE, 0x47,
    0xF6, 0x7D, 0xBE, 0x67, 0x16, 0xD7, 0xE3, 0x25, 0x60, 0x65, 0x68, 0xDC, 0xB8, 0x66, 0x24, 0x9E,
    0x7A, 0xBF, 0xD5, 0xF1, 0xFB, 0xA5, 0xCF, 0xBF, 0xFE, 0xCB, 0xF7, 0xAB, 0xF7, 0xB9, 0xB9, 0xEF,
    0x91, 0x8B, 0x6A, 0x78, 0xC9, 0x8F, 0x92, 0xCF, 0xCF, 0xCF, 0x75, 0x38, 0xC6, 0xED, 0xFB, 0xC9,
    0x69, 0x37, 0xDF, 0x33, 0xC7, 0x61, 0xC3, 0xB2, 0xA1, 0xF8, 0xC8, 0xCB, 0x37, 0xC5, 0xEF, 0x3C,
    0xF5, 0xD8, 0x58, 0xBE, 0x78, 0xA0, 0x1E, 0xDA, 0x96, 0x9F, 0x05, 0xE8, 0x2D, 0x02, 0x0C, 0xC0,
    0x2C, 0xB9, 0x76, 0xDB, 0xFE, 0xB8, 0x72, 0xF3, 0xFE, 0x5A, 0xF8, 0x65, 0xF1, 0xD4, 0xBA, 0xFC,
    0x1C, 0xB5, 0x18, 0xEC, 0xFC, 0xF8, 0x5D, 0x6A, 0x91, 0x7A, 0xF0, 0x50, 0xFE, 0xB9, 0xE3, 0x90,
    0x01, 0x28, 0x87, 0x92, 0x5B, 0xEA, 0xD7, 0x43, 0xAD, 0xBE, 0x64, 0x19, 0xC9, 0xCB, 0x6E, 0xD9,
    0x13, 0xFF, 0xE7, 0x33, 0x37, 0xD4, 0xC7, 0x72, 0xEF, 0x40, 0x8B, 0x0E, 0x2E, 0xF4, 0xF3, 0x23,
    0xE4, 0xE1, 0x58, 0x2F, 0x3C, 0x6B, 0x6D, 0xBC, 0xE7, 0xC5, 0x9B, 0xE2, 0xDC, 0x9F, 0x3D, 0x3D,
    0xFE, 0xE2, 0x19, 0xC7, 0xC7, 0x53, 0x1F, 0xB4, 0x36, 0x8E, 0x5B, 0x3B, 0x12, 0xC3, 0xB9, 0x27,
    0x61, 0x6C, 0x22, 0xC6, 0x4A, 0xA0, 0xC9, 0x4B, 0x07, 0xE7, 0xF3, 0x33, 0x68, 0x74, 0xC3, 0x46,
    0x86, 0x9A, 0x0C, 0x0F, 0xD9, 0x7F, 0xDD, 0x21, 0x5F, 0xFF, 0x8E, 0xC3, 0xC1, 0xBF, 0xAF, 0x7F,
    0x53, 0x86, 0xFC, 0xFB, 0xDC, 0x73, 0x59, 0xF7, 0xB4, 0x94, 0xB0, 0x34, 0xB6, 0x6B, 0xBC, 0x9E,
    0x90, 0x9F, 0xBF, 0xDB, 0x58, 0x82, 0xEB, 0x13, 0xEE, 0xBF, 0x26, 0x7E, 0xAB, 0x04, 0x82, 0xBC,
    0x8F, 0xCB, 0xC7, 0x5E, 0x71, 0x5A, 0xFC, 0xCF, 0xC7, 0x1F, 0x1D, 0xC7, 0x97, 0xC7, 0x6B, 0x9F,
    0x4F, 0x8F, 0x7F, 0x79, 0xB9, 0xFA, 0xFA, 0xB3, 0x29, 0xDF, 0xBE, 0x33, 0x3E, 0x0B, 0xE2, 0xB7,
    0x9E, 0x70, 0x74, 0xBC, 0xE3, 0x05, 0xA7, 0xC4, 0x09, 0x25, 0x44, 0xE7, 0xC5, 0x12, 0xF2, 0xB3,
    0xCD, 0xF6, 0xF8, 0x01, 0xDF, 0x26, 0xC0, 0x00, 0xCC, 0xB0, 0x5A, 0x2F, 0x97, 0x82, 0xF2, 0xFA,
    0x6D, 0xA3, 0xF1, 0x85, 0x2B, 0xB7, 0xD7, 0xC7, 0x7A, 0xF9, 0x30, 0x95, 0x43, 0xA5, 0x16, 0xA9,
    0x07, 0x0F, 0xE5, 0x9F, 0x3B, 0x0E, 0x59, 0x18, 0x1F, 0xF8, 0xB9, 0x3C, 0xE7, 0x70, 0xC8, 0xD7,
    0xCE, 0x4A, 0xF5, 0x0D, 0xFF, 0x7A, 0x4B, 0x7C, 0xFA, 0xD2, 0x6D, 0xB5, 0x70, 0x6F, 0xBD, 0xFD,
    0xEB, 0x67, 0x2A, 0xF2, 0x10, 0xAC, 0x1C, 0x36, 0xAE, 0x18, 0xAE, 0xE7, 0x75, 0x64, 0x60, 0xF8,
    0xC0, 0x4B, 0x4F, 0x8D, 0xB7, 0xBF, 0xE0, 0xE4, 0xF8, 0xE3, 0x67, 0x9C, 0x10, 0xAF, 0x7C, 0xCC,
    0x51, 0xF1, 0xA0, 0x13, 0x96, 0xC5, 0xE2, 0xA1, 0xFE, 0x18, 0xDB, 0x39, 0x16, 0x63, 0x3B, 0xC6,
    0xEA, 0xD5, 0xE3, 0x26, 0xF6, 0x95, 0x61, 0x74, 0xA2, 0xEE, 0x31, 0xC9, 0xAB, 0x71, 0x75, 0xEF,
    0xC3, 0x52, 0x87, 0xD2, 0x36, 0x75, 0x98, 0x7E, 0xBC, 0x0E, 0xE5, 0x79, 0x19, 0x84, 0xF2, 0x12,
    0xC4, 0xB9, 0x87, 0x65, 0xB4, 0x4C, 0xCB, 0x79, 0xE8, 0xDA, 0x29, 0x47, 0x2C, 0x8C, 0x17, 0x9E,
    0x7D, 0x44, 0xFC, 0xC1, 0x4F, 0x1C, 0x1F, 0x6F, 0x7E, 0xEE, 0x49, 0xF1, 0xFE, 0x97, 0x6E, 0xAA,
    0xE3, 0xF0, 0x3B, 0x4F, 0xDA, 0x18, 0xF7, 0xD9, 0xB0, 0x68, 0x3A, 0x9C, 0x96, 0xD7, 0x2A, 0x5F,
    0x0F, 0x67, 0x1F, 0xDF, 0x53, 0xD3, 0x93, 0x46, 0x0D, 0xB5, 0x4F, 0x3B, 0x7D, 0x65, 0x7C, 0xEA,
    0x67, 0x4E, 0x8F, 0x67, 0x96, 0x50, 0x38, 0x39, 0x5E, 0x42, 0x5F, 0x09, 0xD5, 0xDD, 0x76, 0x06,
    0x66, 0x97, 0x73, 0x60, 0x66, 0x41, 0x2E, 0x00, 0x9D, 0x03, 0xF3, 0x6D, 0x75, 0x85, 0x51, 0xDE,
    0xC7, 0x39, 0x30, 0x73, 0x4F, 0xB7, 0x6F, 0x9D, 0x03, 0xF3, 0xDD, 0x72, 0x3A, 0xCA, 0xC2, 0xEF,
    0xC5, 0xA5, 0xC8, 0xCC, 0x9B, 0x14, 0x76, 0xA7, 0x2D, 0xCA, 0x34, 0x93, 0x43, 0xF9, 0xE7, 0x91,
    0x7F, 0x75, 0x41, 0x9C, 0x77, 0xC5, 0xB6, 0x58, 0x50, 0xC2, 0xDE, 0xA1, 0xEE, 0x85, 0x1A, 0x5A,
    0xC6, 0x26, 0xE2, 0xC9, 0x67, 0xAE, 0xAE, 0x57, 0xBE, 0xCA, 0xE5, 0x70, 0x76, 0xF5, 0x5C, 0xE9,
    0x82, 0xFC, 0x2C, 0xDD, 0x73, 0x0E, 0x0E, 0xFE, 0x4C, 0xD9, 0xAE, 0x37, 0x6C, 0x1F, 0x8D, 0x5B,
    0x4A, 0x78, 0xB9, 0x71, 0xC7, 0x68, 0x7C, 0x6B, 0xF3, 0xBE, 0xB8, 0x7A, 0xCB, 0xBE, 0xB8, 0x65,
    0xD7, 0x58, 0xDC, 0x56, 0x86, 0x2D, 0x25, 0xCC, 0xEC, 0x1D, 0x9D, 0xAC, 0xD3, 0x63, 0x0E, 0xB9,
    0x27, 0x2C, 0x5F, 0x27, 0x97, 0xFB, 0x39, 0x7D, 0xE6, 0xEB, 0xE5, 0x5E, 0x9B, 0x25, 0x25, 0x00,
    0xAD, 0x59, 0x32, 0x10, 0x47, 0x2C, 0x1D, 0x8C, 0x63, 0x56, 0x8C, 0xC4, 0xA6, 0x75, 0x23, 0x75,
    0xD9, 0x9D, 0x87, 0x60, 0x1D, 0x5B, 0xBE, 0xE6, 0x73, 0x0E, 0x96, 0xF3, 0x56, 0x7F, 0x5F, 0xB6,
    0xEF, 0x82, 0xCE, 0x72, 0xB3, 0x01, 0xDD, 0x79, 0x32, 0xCF, 0xC7, 0xFA, 0x9D, 0x7F, 0xBA, 0x2E,
    0xFE, 0xFC, 0x0B, 0x37, 0xC5, 0xFE, 0x12, 0xF2, 0x16, 0x94, 0xCF, 0xD6, 0x2B, 0xCB, 0xFC, 0xEC,
    0x5B, 0xE7, 0xC0, 0x30, 0x1F, 0x09, 0x30, 0xB3, 0xA0, 0xCE, 0xB0, 0x02, 0xCC, 0x01, 0xF9, 0xE9,
    0x05, 0x98, 0xB9, 0xA9, 0xDB, 0xB7, 0x02, 0xCC, 0x77, 0xCB, 0x15, 0x79, 0x6E, 0xF5, 0x7E, 0xC0,
    0xF1, 0xCB, 0xE2, 0x23, 0x2F, 0x3F, 0x2D, 0x8E, 0x2E, 0x6D, 0x93, 0x6F, 0x95, 0x05, 0xC9, 0x7C,
    0x97, 0x2D, 0x9E, 0xF3, 0xD4, 0xE1, 0x0C, 0x30, 0xD9, 0xCC, 0xB9, 0x2C, 0xCB, 0x13, 0xCB, 0x7F,
    0xF7, 0x69, 0xC7, 0xC6, 0x6F, 0x3E, 0x61, 0x63, 0xE7, 0x04, 0xF2, 0x86, 0x0A, 0xEC, 0xBB, 0x22,
    0xDB, 0xF1, 0xC0, 0x21, 0x72, 0xE5, 0x83, 0x65, 0x70, 0xBB, 0xA3, 0x9C, 0xEE, 0x46, 0x4B, 0x52,
    0xC9, 0xF3, 0xB1, 0xF6, 0x97, 0x75, 0x53, 0x5E, 0x4C, 0x21, 0xA7, 0xFB, 0x6C, 0x8F, 0xC9, 0x12,
    0x60, 0xC6, 0xCB, 0xD7, 0x6C, 0x95, 0x0C, 0x20, 0xF9, 0xF7, 0x19, 0x4E, 0xF2, 0x8A, 0x72, 0xC3,
    0xE5, 0xEB, 0x50, 0xE9, 0x9B, 0x9C, 0x67, 0xEE, 0x28, 0xDF, 0xB3, 0xFB, 0xB6, 0x2D, 0x1F, 0x7E,
    0xD5, 0x2D, 0xBA, 0xD3, 0x27, 0x2F, 0xDE, 0x1A, 0x2F, 0x7F, 0xCF, 0x15, 0x71, 0xD3, 0x96, 0xFD,
    0x75, 0x0F, 0x6A, 0x3E, 0x7C, 0x98, 0x16, 0x0F, 0x77, 0x59, 0x1D, 0x07, 0x01, 0x86, 0x79, 0xC8,
    0x21, 0x64, 0x00, 0xB3, 0xA0, 0x16, 0x95, 0x83, 0xFD, 0x75, 0x0B, 0xF8, 0x37, 0x6F, 0xDA, 0x5D,
    0x1F, 0x6B, 0xE1, 0xEE, 0xF0, 0x73, 0x45, 0xA7, 0xA5, 0x4B, 0xF5, 0x54, 0x0A, 0xAA, 0x3F, 0xFB,
    0xFC, 0x8D, 0xB5, 0xA8, 0xCA, 0xE2, 0xBC, 0xD5, 0xF3, 0x61, 0xBE, 0x97, 0x2C, 0x10, 0xB3, 0x68,
    0xAC, 0x43, 0xF9, 0x21, 0x3F, 0x5D, 0x16, 0xDD, 0x35, 0xA0, 0x94, 0x21, 0x7F, 0xCE, 0x22, 0x78,
    0xA4, 0x14, 0xE4, 0x79, 0x0F, 0x9F, 0xBC, 0x2F, 0xCA, 0x51, 0xCB, 0x87, 0xEA, 0x86, 0xA4, 0xE3,
    0x57, 0x8D, 0xC4, 0x89, 0x6B, 0x46, 0x62, 0xD3, 0xDA, 0x85, 0x71, 0xCA, 0xDA, 0xF2, 0xFD, 0xEA,
    0x91, 0x38, 0x6E, 0xD5, 0x70, 0xFD, 0x7D, 0xDE, 0x8F, 0x66, 0x49, 0x79, 0x7E, 0x37, 0xBC, 0x74,
    0x5F, 0x33, 0xBF, 0x66, 0x13, 0x66, 0x68, 0xE9, 0xBE, 0x6F, 0x8E, 0x43, 0xAB, 0x72, 0xFC, 0xF3,
    0x33, 0xA5, 0x27, 0x9F, 0xB6, 0x32, 0x3E, 0xF7, 0xDF, 0xCE, 0x8C, 0xC7, 0x9F, 0xBE, 0xAA, 0x7E,
    0xE0, 0x3C, 0x94, 0x2E, 0x7F, 0x4F, 0x5B, 0x72, 0xDA, 0xCC, 0x0D, 0x91, 0x39, 0x1C, 0x7C, 0x0E,
    0x98, 0xAE, 0x6C, 0x8B, 0x00, 0x03, 0x30, 0x1B, 0x4A, 0x51, 0x94, 0x2B, 0xCD, 0x1D, 0x3B, 0xC7,
    0xE2, 0xE2, 0xE9, 0x3B, 0xF2, 0x33, 0xB3, 0x32, 0xAC, 0x0C, 0x94, 0xC2, 0x7D, 0xEB, 0x8E, 0xB1,
    0xF8, 0xDD, 0x73, 0xAF, 0x8B, 0xAD, 0x79, 0xE2, 0x79, 0x16, 0xF9, 0xD3, 0x05, 0xEB, 0x5C, 0x94,
    0x35, 0x5A, 0x16, 0x6A, 0x39, 0xED, 0xE5, 0xD0, 0xAD, 0xD9, 0xF2, 0x23, 0xDF, 0xD3, 0x21, 0x75,
    0x5F, 0x33, 0xBF, 0xB6, 0x1C, 0x58, 0xEE, 0x4C, 0x7E, 0xA6, 0xFA, 0x59, 0xCB, 0x3F, 0x9B, 0xD6,
    0x2D, 0x8C, 0x0F, 0xBD, 0xEC, 0xD4, 0xF8, 0x95, 0xC7, 0x1E, 0x55, 0x0F, 0x25, 0xCB, 0xF3, 0x7E,
    0xB2, 0x00, 0xA6, 0xB7, 0x65, 0x17, 0x75, 0xC3, 0x4A, 0x5E, 0x68, 0x22, 0x2F, 0x32, 0x91, 0x57,
    0xE8, 0xCB, 0xF3, 0xC0, 0xF2, 0x50, 0xDE, 0x3C, 0x97, 0x2B, 0x03, 0x69, 0x3E, 0x27, 0x07, 0x5D,
    0xDA, 0xFB, 0x04, 0x18, 0x80, 0x59, 0x90, 0x05, 0x51, 0x2D, 0xF4, 0x26, 0xA7, 0xE2, 0x0B, 0xDF,
    0xDA, 0x5E, 0xEF, 0x83, 0x92, 0x05, 0xE0, 0x5C, 0x2E, 0x9E, 0x7B, 0x51, 0x1E, 0x16, 0xDA, 0x3F,
    0xDC, 0x1F, 0x9F, 0xF9, 0xC6, 0x96, 0xF8, 0xC3, 0xE9, 0xAB, 0x92, 0xF5, 0xE4, 0xF1, 0x37, 0x87,
    0x59, 0x7E, 0xE4, 0x7B, 0x3A, 0xCC, 0x07, 0xF5, 0xB3, 0x96, 0x7F, 0x72, 0x6F, 0xCC, 0xA2, 0xA1,
    0xBE, 0xF8, 0xA3, 0x1F, 0x3D, 0xAE, 0x5E, 0xF6, 0xFB, 0xB8, 0x35, 0x23, 0x31, 0xBE, 0x6F, 0xA2,
    0xF3, 0x24, 0x7A, 0x4E, 0xF6, 0x59, 0x2E, 0x57, 0x33, 0x9C, 0xE4, 0x15, 0xF8, 0x32, 0xB8, 0xE4,
    0x95, 0xF1, 0x1E, 0x7D, 0xC6, 0xAA, 0xF8, 0xC9, 0x87, 0xAD, 0x8F, 0xE7, 0x9D, 0xBD, 0x21, 0x9E,
    0xF9, 0x90, 0xF5, 0xF1, 0x88, 0xD3, 0x56, 0xC6, 0x11, 0xCB, 0x87, 0xEB, 0x15, 0xF4, 0xF2, 0x79,
    0xDD, 0xBD, 0x6B, 0xF3, 0x65, 0xFA, 0x6E, 0x91, 0x00, 0x03, 0x30, 0x4B, 0xF2, 0x90, 0x9B, 0xBE,
    0x91, 0xFE, 0xF8, 0xC8, 0x85, 0x5B, 0xE3, 0xBF, 0x6E, 0xE8, 0x1C, 0x46, 0x36, 0x79, 0x60, 0x9B,
    0x36, 0x33, 0x25, 0xFB, 0x61, 0x41, 0xE9, 0x87, 0xBF, 0xF8, 0xE2, 0x8D, 0xF1, 0xE1, 0x0B, 0xB6,
    0xD4, 0xA2, 0x25, 0x0B, 0x55, 0xB8, 0xA3, 0xDC, 0x32, 0x9F, 0xD3, 0x46, 0x4E, 0x33, 0xCF, 0x7B,
    0xC0, 0x9A, 0x78, 0xDF, 0x4B, 0x4F, 0x8D, 0x47, 0x9C, 0xBA, 0xC2, 0x16, 0xFB, 0x1E, 0x94, 0x7D,
    0x92, 0x57, 0xCE, 0xCB, 0xAB, 0xE5, 0x1D, 0x53, 0x42, 0xCB, 0x4B, 0x1F, 0x75, 0x64, 0xBC, 0xE5,
    0xA5, 0x9B, 0xEA, 0x1E, 0xB4, 0xF7, 0xBD, 0x64, 0x53, 0xBD, 0xDC, 0xF8, 0xBB, 0x5E, 0x78, 0x72,
    0xFD, 0x9A, 0xF7, 0x9F, 0xFA, 0xF0, 0xCB, 0x4F, 0x8D, 0x37, 0x94, 0xC7, 0x5F, 0x50, 0x42, 0xCD,
    0x51, 0x2B, 0x87, 0xA7, 0x2F, 0x37, 0xDE, 0x39, 0xEF, 0x97, 0xDE, 0x23, 0xC0, 0x00, 0xCC, 0x92,
    0xAC, 0x91, 0xF3, 0x78, 0xEC, 0xD8, 0x3B, 0x1E, 0x1F, 0x39, 0x7F, 0x4B, 0x7D, 0xEC, 0xCE, 0x4E,
    0xB2, 0x66, 0x66, 0xEC, 0xDF, 0x3F, 0x19, 0x3F, 0xFF, 0x81, 0xAB, 0xE2, 0x3F, 0xAE, 0xDF, 0x5D,
    0x8B, 0x9F, 0x3C, 0x89, 0x1D, 0xEE, 0x28, 0xA7, 0x8D, 0xDC, 0x3A, 0x9F, 0x17, 0xFD, 0x38, 0xEB,
    0xE8, 0xC5, 0xF1, 0x37, 0x3F, 0x79, 0x42, 0x2C, 0x1C, 0xEC, 0xEF, 0x1C, 0x63, 0xC6, 0xAC, 0xAB,
    0x8B, 0xD0, 0xD2, 0x15, 0x79, 0xF3, 0xD4, 0xA3, 0x57, 0x0D, 0xC7, 0x1B, 0x5E, 0x70, 0x72, 0x7C,
    0xF2, 0x95, 0xA7, 0xC7, 0x1B, 0x9F, 0x7D, 0x62, 0xBC, 0xE4, 0x87, 0xD6, 0xC5, 0x03, 0x4B, 0x9F,
    0xAD, 0x5E, 0x3C, 0x70, 0x20, 0x74, 0xE6, 0xC5, 0x29, 0xD6, 0x2F, 0x19, 0x8C, 0x07, 0x1F, 0xB3,
    0x24, 0x5E, 0xF9, 0xD0, 0x75, 0xF1, 0xA6, 0xE7, 0x9C, 0x14, 0x9F, 0xFC, 0xE9, 0xD3, 0xE3, 0xAF,
    0x9E, 0x73, 0x62, 0xAC, 0x2E, 0x8F, 0x4F, 0x95, 0xD7, 0x49, 0x16, 0xCD, 0xBD, 0x45, 0x80, 0x01,
    0x98, 0x45, 0xB5, 0x48, 0x1E, 0xEE, 0x8F, 0x0F, 0x5F, 0xB8, 0x25, 0xAE, 0xDB, 0xB6, 0xBF, 0x3E,
    0xA6, 0x0C, 0x9A, 0x79, 0xD9, 0xE6, 0x7D, 0x03, 0x0B, 0xE2, 0xDA, 0xDB, 0xF6, 0xC6, 0xAF, 0x7F,
    0xFC, 0x9A, 0xD8, 0xB1, 0x6F, 0xA2, 0x86, 0x49, 0x21, 0x86, 0x3B, 0x93, 0xD3, 0x45, 0x5E, 0xC0,
    0xE0, 0xF6, 0xDD, 0x63, 0xF1, 0x6B, 0x1F, 0xBD, 0x26, 0x76, 0xEF, 0x1B, 0x57, 0xE1, 0xF6, 0x80,
    0xBA, 0xD7, 0x65, 0x7C, 0x2A, 0xFA, 0x4B, 0xDF, 0xBC, 0xF8, 0xE1, 0xEB, 0xE3, 0xF3, 0x3F, 0x77,
    0x66, 0x09, 0x25, 0xEB, 0xE3, 0xF4, 0x23, 0x16, 0x46, 0x5F, 0xF9, 0xE5, 0x95, 0x9B, 0xF7, 0xC5,
    0x67, 0xAF, 0xD8, 0x1E, 0xEF, 0xF9, 0xAF, 0xCD, 0xF1, 0x37, 0xE7, 0xDD, 0x1C, 0x7F, 0xF1, 0x85,
    0x9B, 0xE2, 0xEF, 0xBF, 0x7A, 0x6B, 0x5D, 0xFE, 0xFE, 0xFB, 0x75, 0xBB, 0xEA, 0xA5, 0xC4, 0xF3,
    0xCA, 0xB0, 0x79, 0xCF, 0xA2, 0x73, 0xCE, 0xDE, 0x10, 0x5F, 0xF9, 0x85, 0xFB, 0xC4, 0x73, 0x4A,
    0xE8, 0x49, 0xB9, 0x37, 0xA7, 0x1B, 0x7A, 0x98, 0x7D, 0x02, 0x0C, 0xC0, 0x2C, 0xCA, 0xFA, 0xB8,
    0xAF, 0xAC, 0x6C, 0xAF, 0xB8, 0x65, 0x6F, 0x7C, 0xED, 0xBA, 0xCE, 0x61, 0x64, 0xCC, 0x8E, 0x3C,
    0x34, 0xA8, 0x7F, 0xA8, 0x3F, 0xCE, 0x3D, 0x7F, 0x4B, 0x9C, 0xF3, 0x81, 0x2B, 0xEB, 0x63, 0xB9,
    0x87, 0x6C, 0xAE, 0x5D, 0x99, 0x8C, 0x7B, 0x27, 0x0F, 0x1F, 0xEB, 0x5E, 0xB1, 0xEE, 0xD5, 0x1F,
    0xB8, 0x2A, 0x3E, 0xF9, 0xCD, 0xCD, 0x9D, 0xCA, 0x99, 0x59, 0x55, 0xCF, 0x75, 0xC9, 0xE5, 0x69,
    0x09, 0x20, 0x7F, 0xF6, 0x63, 0xC7, 0xC5, 0x9B, 0x9F, 0x7B, 0x72, 0x9C, 0xB0, 0x7A, 0xA4, 0x5E,
    0x1E, 0xFC, 0x8B, 0x57, 0xED, 0x88, 0x17, 0xBC, 0xE3, 0xB2, 0x78, 0xF8, 0x5F, 0x9E, 0x1F, 0x4F,
    0x79, 0xC3, 0xC5, 0xF1, 0xDC, 0xB7, 0x5E, 0x1A, 0xE7, 0xBC, 0xF7, 0x5B, 0xF1, 0x8B, 0x65, 0x3E,
    0x7F, 0xF9, 0xBB, 0x2E, 0x8F, 0x9F, 0xF8, 0xFB, 0x4B, 0xE2, 0xB1, 0xAF, 0xBD, 0x30, 0x1E, 0xF1,
    0xD7, 0x17, 0xC4, 0x1F, 0x7C, 0xE6, 0xFA, 0xB8, 0x7A, 0x6B, 0x67, 0x63, 0xD2, 0xC9, 0x6B, 0x16,
    0xC6, 0x3B, 0x5E, 0x78, 0x72, 0xFC, 0x69, 0x79, 0xBD, 0xEC, 0xE3, 0xBC, 0xAC, 0x78, 0xBE, 0x0F,
    0xB3, 0x4F, 0x80, 0x01, 0x98, 0x65, 0xDD, 0xF2, 0xF8, 0xFF, 0x7E, 0xF6, 0x86, 0x7A, 0xD3, 0x3C,
    0xAB, 0xC7, 0xD9, 0x53, 0xCF, 0x41, 0x1A, 0xEA, 0x8B, 0xB7, 0xFF, 0xFB, 0xAD, 0xF1, 0xBF, 0x3E,
    0x75, 0x6D, 0xED, 0x8B, 0x0C, 0x31, 0x32, 0x0C, 0xA9, 0x86, 0x97, 0x52, 0xC0, 0xE6, 0xD7, 0x97,
    0xBE, 0xFB, 0x8A, 0xF8, 0x87, 0x7F, 0xBF, 0x2D, 0x16, 0x0C, 0xF6, 0x99, 0x67, 0x67, 0x59, 0xDD,
    0x5B, 0x5A, 0x96, 0x9D, 0x0B, 0x07, 0xFA, 0xE2, 0x5D, 0x2F, 0xDC, 0x14, 0xAF, 0x7E, 0xC4, 0x86,
    0x9A, 0x29, 0xFF, 0xFD, 0xDA, 0x5D, 0xF1, 0xCA, 0x7F, 0xBC, 0x22, 0x1E, 0x57, 0xC2, 0xC9, 0xBB,
    0x4B, 0x5F, 0xDD, 0xBE, 0x7B, 0xBC, 0xF6, 0xDD, 0xE0, 0xE0, 0x82, 0x32, 0xF4, 0x75, 0x86, 0x32,
    0xBF, 0xE7, 0xD5, 0xC9, 0x76, 0x8F, 0x4E, 0xC6, 0xA5, 0xB7, 0xEC, 0x8D, 0xDF, 0x28, 0xA1, 0xF4,
    0xD1, 0x25, 0xC8, 0xFC, 0xE1, 0x3F, 0xDF, 0x10, 0xDB, 0xF7, 0x4D, 0xD4, 0xDF, 0xBD, 0xE6, 0x51,
    0x47, 0xC6, 0x1B, 0x9E, 0x7D, 0x62, 0xBD, 0xFF, 0x51, 0x5E, 0x79, 0xAE, 0x1E, 0xFA, 0xCB, 0xAC,
    0x12, 0x60, 0x00, 0x66, 0x59, 0x2D, 0x8E, 0xFB, 0x17, 0xC4, 0x57, 0xAF, 0xDC, 0x11, 0xEF, 0xFB,
    0xC6, 0xE6, 0x6F, 0x3F, 0xC6, 0x8C, 0xCB, 0x76, 0xAF, 0xB5, 0x49, 0xF9, 0xE7, 0xF7, 0xCF, 0xBD,
    0x21, 0xDE, 0xF4, 0xAF, 0xB7, 0x74, 0x7E, 0xC1, 0xBC, 0x97, 0xD3, 0x46, 0x86, 0x97, 0xF1, 0x89,
    0xA9, 0xF8, 0x85, 0x0F, 0x5D, 0x15, 0x6F, 0xFF, 0xEA, 0xAD, 0xD1, 0x57, 0x0A, 0xE1, 0xFA, 0xBB,
    0xFA, 0x2F, 0xB3, 0x21, 0x7B, 0xA0, 0x86, 0x92, 0x12, 0x44, 0xFE, 0xDF, 0xD3, 0x8F, 0x8B, 0xE7,
    0x3C, 0x60, 0x75, 0x7D, 0xFC, 0x83, 0xE7, 0x6F, 0x89, 0x67, 0xBC, 0xE5, 0xD2, 0x78, 0xEB, 0x17,
    0x6F, 0x8E, 0xD1, 0xBD, 0xE3, 0x79, 0xB7, 0xD6, 0x98, 0xD8, 0x3D, 0x76, 0xE0, 0xF2, 0xC9, 0x07,
    0x86, 0x1D, 0xA3, 0xF5, 0xEB, 0xE4, 0xFE, 0x3C, 0x0C, 0x30, 0x62, 0x68, 0xC9, 0x40, 0x5C, 0xB3,
    0x79, 0x5F, 0xFC, 0xFA, 0x07, 0xAF, 0x8A, 0x17, 0xBF, 0xF3, 0xF2, 0xB8, 0x6A, 0xCB, 0xBE, 0xFA,
    0x7A, 0x79, 0x28, 0xDA, 0xEF, 0x3F, 0xE5, 0x98, 0xE8, 0xEB, 0xEF, 0xAB, 0x7B, 0xDF, 0x44, 0x98,
    0xD9, 0x25, 0xC0, 0x00, 0xF4, 0x80, 0xEE, 0xCA, 0x30, 0x8F, 0xC7, 0x66, 0x76, 0x65, 0xA1, 0x5A,
    0x0F, 0x1D, 0x1B, 0x9F, 0x8C, 0x5F, 0xFA, 0xC8, 0xD5, 0xF1, 0x91, 0x0B, 0xB7, 0xD4, 0x50, 0xA3,
    0x48, 0x9D, 0xBF, 0x0E, 0x04, 0xDB, 0xE2, 0x9C, 0x52, 0xD8, 0xFE, 0xCD, 0xE7, 0x6F, 0x8A, 0x05,
    0x03, 0x9D, 0x1B, 0x83, 0x9A, 0x2E, 0x66, 0x57, 0x6D, 0xFF, 0x12, 0x60, 0x5E, 0xF6, 0xE0, 0x75,
    0x71, 0xCE, 0xD9, 0x47, 0xD4, 0xC7, 0xDE, 0xF5, 0x9F, 0xB7, 0xC5, 0x0B, 0xDF, 0x79, 0x59, 0x5C,
    0x7F, 0xDB, 0xDE, 0x58, 0xBC, 0x6C, 0x28, 0x5E, 0xFE, 0xC8, 0x23, 0xE3, 0xB5, 0x2F, 0x3A, 0x25,
    0xFE, 0xE4, 0x39, 0x27, 0xC5, 0x9F, 0x3D, 0xEF, 0xA4, 0xF8, 0xD3, 0x83, 0x86, 0x3F, 0x79, 0xFE,
    0xC9, 0xF1, 0x5B, 0x3F, 0x7E, 0x5C, 0x3C, 0xF3, 0x41, 0xEB, 0x62, 0xD9, 0x70, 0x7F, 0x8C, 0xEE,
    0x1E, 0xAF, 0x21, 0x65, 0x20, 0xAF, 0x10, 0xF9, 0xB5, 0x5B, 0xE3, 0xA7, 0xFE, 0xE1, 0x8A, 0xB8,
    0x61, 0xFB, 0x68, 0x7D, 0xDD, 0x5F, 0x7A, 0xD4, 0x91, 0xF1, 0xCC, 0xFB, 0x95, 0x80, 0x54, 0x96,
    0x0D, 0xCC, 0x2E, 0x01, 0x06, 0xA0, 0x57, 0x94, 0x25, 0xF2, 0x57, 0xAE, 0xD9, 0x19, 0x6F, 0xFB,
    0xF7, 0x5B, 0x6B, 0xB1, 0x94, 0xF7, 0x28, 0x61, 0x76, 0xE4, 0x16, 0xD6, 0xBE, 0x81, 0xBE, 0xD8,
    0x51, 0x8A, 0x99, 0x9F, 0x7A, 0xF7, 0x15, 0xF1, 0xE9, 0x4B, 0xB7, 0xD5, 0x90, 0x99, 0x85, 0x2C,
    0xF3, 0x4B, 0xCE, 0x86, 0x39, 0x3F, 0xEE, 0x2B, 0x45, 0xEB, 0xCF, 0x7D, 0xE0, 0xCA, 0xF8, 0xDB,
    0x2F, 0x95, 0xF0, 0xD2, 0xDF, 0x49, 0x33, 0xA6, 0x87, 0xD9, 0x55, 0x7B, 0x61, 0x62, 0x2A, 0x8E,
    0x5B, 0x3B, 0x12, 0xFF, 0xDF, 0xE3, 0x8E, 0xAE, 0x8F, 0x7D, 0xF6, 0xF2, 0xED, 0xF1, 0x9A, 0x0F,
    0x5F, 0x1D, 0x7B, 0xF2, 0xFE, 0x3C, 0x83, 0x7D, 0xF5, 0x2A, 0x63, 0x3F, 0x79, 0xDF, 0xD5, 0xF1,
    0xB3, 0x0F, 0x3F, 0x22, 0x7E, 0xE9, 0xD1, 0x47, 0xC6, 0x2F, 0x96, 0x10, 0x92, 0x87, 0x84, 0x75,
    0x87, 0x0C, 0x25, 0xBF, 0xF3, 0xA4, 0x63, 0xE2, 0xAD, 0xCF, 0x3F, 0x29, 0xBE, 0xFA, 0x9A, 0xFB,
    0xC6, 0x2F, 0x3C, 0xFE, 0xE8, 0x28, 0xB3, 0x7E, 0x5D, 0xFE, 0x0E, 0x2D, 0x19, 0x8C, 0xCF, 0x5F,
    0xB8, 0x35, 0x7E, 0xF6, 0x7D, 0x57, 0xC6, 0xAE, 0xD1, 0x89, 0x3A, 0x1D, 0xFC, 0xD1, 0x8F, 0x1E,
    0x1B, 0xC7, 0xAD, 0x5B, 0x58, 0x4F, 0xEA, 0xEF, 0x4C, 0x05, 0xCC, 0x06, 0x01, 0x06, 0xA0, 0x07,
    0x64, 0x1D, 0x94, 0x57, 0xC9, 0xD9, 0xBF, 0x77, 0x3C, 0xFE, 0xEF, 0xE7, 0x6E, 0xAC, 0x57, 0x24,
    0xCB, 0x63, 0xAF, 0x5D, 0x05, 0x6B, 0xF6, 0x74, 0x42, 0xCC, 0x82, 0xD8, 0xB2, 0x7D, 0x34, 0x7E,
    0xFA, 0x1F, 0xBF, 0x15, 0xFF, 0x76, 0xDD, 0xAE, 0x5A, 0xC0, 0xE4, 0xE1, 0x2A, 0x7A, 0x65, 0x7E,
    0xC8, 0xBE, 0x2E, 0xB3, 0x61, 0x9D, 0x16, 0x72, 0x1A, 0x78, 0xED, 0xE7, 0x6F, 0xCC, 0xDD, 0x73,
    0xB5, 0x72, 0x36, 0x6B, 0xCE, 0xBE, 0xDA, 0x05, 0xA5, 0x2F, 0x32, 0x80, 0x1C, 0xB3, 0x72, 0x38,
    0xB6, 0xEF, 0x9D, 0x88, 0x3F, 0x2A, 0xCB, 0xCF, 0x5B, 0x6F, 0xDF, 0x57, 0xCF, 0x6F, 0xC9, 0xF4,
    0x99, 0xFD, 0xB4, 0x7F, 0x7A, 0x8F, 0x49, 0x9E, 0xD0, 0x9F, 0x97, 0xBF, 0xCE, 0xAB, 0x0C, 0xE6,
    0xCD, 0x83, 0xBB, 0x43, 0x86, 0x95, 0xC5, 0x43, 0xFD, 0x71, 0x6A, 0x09, 0x26, 0x7F, 0xFE, 0xE3,
    0xC7, 0xC7, 0x6F, 0x3C, 0x7E, 0x63, 0xE7, 0xF9, 0xE5, 0xF1, 0xBC, 0x47, 0xD4, 0x47, 0xBF, 0xB9,
    0xF9, 0xC0, 0xE1, 0xA4, 0xC7, 0x96, 0xF7, 0xC9, 0xE0, 0x93, 0x15, 0xB4, 0x49, 0x60, 0xF6, 0x08,
    0x30, 0x00, 0x3D, 0x22, 0x57, 0xB4, 0x0B, 0x86, 0xFA, 0xE2, 0xA2, 0x1B, 0x76, 0xC7, 0x1B, 0xFF,
    0xF5, 0xDB, 0x87, 0x92, 0x59, 0x49, 0xCE, 0x9E, 0x52, 0xBF, 0xD4, 0x2B, 0x93, 0x5D, 0x73, 0xEB,
    0xDE, 0xF8, 0xF1, 0x37, 0x5D, 0x12, 0x9F, 0xFF, 0xD6, 0x8E, 0xCE, 0xD5, 0x8E, 0xA6, 0x0B, 0x23,
    0xE6, 0xAE, 0x2C, 0x6A, 0xB3, 0xAF, 0x37, 0xEF, 0x19, 0x8F, 0x1F, 0x7F, 0xF3, 0xA5, 0xF1, 0xF6,
    0x2C, 0x60, 0xFB, 0x3B, 0x27, 0xEC, 0xEB, 0xFB, 0xD9, 0x97, 0xFD, 0x90, 0x33, 0xE8, 0x29, 0xEB,
    0x17, 0xC5, 0x13, 0x37, 0xAD, 0xA8, 0x8F, 0xE5, 0xE1, 0x9E, 0x9F, 0x2A, 0x43, 0xDF, 0xC8, 0x40,
    0x09, 0x9F, 0xF5, 0xA1, 0xAA, 0x7B, 0xF8, 0xDF, 0x60, 0xFF, 0x82, 0xF8, 0xE4, 0xC5, 0x5B, 0xE3,
    0x47, 0x5E, 0x7B, 0x61, 0x3C, 0xFE, 0x75, 0x17, 0xC6, 0xE3, 0xCA, 0xF0, 0xE4, 0x37, 0x5C, 0x14,
    0xAF, 0x2C, 0xE1, 0x34, 0x6F, 0x62, 0xDB, 0xF5, 0x9B, 0x4F, 0x38, 0xBA, 0xBC, 0xE6, 0xCA, 0x98,
    0xDA, 0x3F, 0x59, 0x37, 0x24, 0xE5, 0xFB, 0xBC, 0xE9, 0xAB, 0xB7, 0xC5, 0xD5, 0x5B, 0x3A, 0x57,
    0x27, 0x7B, 0xCA, 0x69, 0x2B, 0x63, 0xED, 0xD2, 0x41, 0x0B, 0xE7, 0x59, 0x24, 0xC0, 0x00, 0xF4,
    0x88, 0x5C, 0x17, 0xD6, 0xF5, 0x6C, 0xF9, 0x27, 0xEF, 0x51, 0xF0, 0x2F, 0x57, 0x6C, 0xEF, 0x5C,
    0xAE, 0x35, 0xAB, 0x68, 0x66, 0x4D, 0xEE, 0x05, 0xEB, 0x1F, 0xEE, 0x8F, 0x9B, 0xB6, 0xEC, 0x8B,
    0x17, 0xBE, 0xE3, 0xB2, 0x38, 0xF7, 0xD2, 0x6D, 0x9D, 0x10, 0x53, 0x1E, 0xD7, 0x33, 0x73, 0x53,
    0xEE, 0x79, 0xC9, 0xC2, 0x35, 0x0B, 0xD6, 0xE7, 0xBF, 0xFD, 0xD2, 0xF8, 0xE8, 0x7F, 0xDD, 0x1E,
    0x7D, 0x83, 0xFD, 0x9D, 0xF0, 0xD2, 0x79, 0x0A, 0xB3, 0x6C, 0x41, 0xDD, 0x1D, 0x3A, 0x15, 0x8F,
    0x3D, 0x79, 0x79, 0xAC, 0x2F, 0x61, 0x22, 0x83, 0xE6, 0xDF, 0x65, 0xC8, 0x2C, 0xC9, 0x25, 0x33,
    0xC7, 0xF7, 0x9A, 0x3B, 0x6F, 0xD9, 0x39, 0x16, 0xFF, 0x71, 0xE5, 0x8E, 0xF8, 0xEA, 0x55, 0x3B,
    0xE3, 0xDF, 0xCA, 0x70, 0xDE, 0x15, 0x3B, 0xE2, 0x2D, 0x5F, 0xB8, 0xA9, 0xF4, 0xF3, 0x65, 0xF5,
    0xAA, 0x65, 0x5D, 0x4F, 0x3A, 0x6D, 0x79, 0xDD, 0xA0, 0x34, 0x36, 0x3E, 0x15, 0x43, 0x23, 0xFD,
    0x71, 0xFE, 0xB7, 0xB6, 0xC7, 0x7B, 0xBF, 0x71, 0x7B, 0xFD, 0xDD, 0x71, 0xAB, 0x86, 0x6B, 0xC0,
    0xC9, 0x73, 0x61, 0xF2, 0xBD, 0x98, 0x79, 0x02, 0x0C, 0x40, 0x0F, 0xC9, 0xAC, 0x92, 0x87, 0x3E,
    0x6C, 0xDE, 0xBC, 0x2F, 0x7E, 0xF3, 0x93, 0xD7, 0xC6, 0xD6, 0xBD, 0xE3, 0xB5, 0x58, 0xB6, 0xC5,
    0x77, 0x76, 0xD5, 0x82, 0x76, 0xA8, 0x3F, 0xAE, 0xBF, 0xBD, 0x84, 0x98, 0x77, 0x5E, 0x1E, 0xEF,
    0xFF, 0xC6, 0xE6, 0xDA, 0x2F, 0x6A, 0x97, 0xB9, 0x27, 0xE7, 0xB5, 0xEC, 0xDB, 0x2F, 0x95, 0x22,
    0xF7, 0xE9, 0x6F, 0xBA, 0x38, 0x3E, 0x7D, 0xFE, 0x96, 0x18, 0x28, 0x01, 0x56, 0x60, 0xED, 0x2D,
    0x35, 0x38, 0x94, 0x00, 0xF1, 0xA3, 0x67, 0x96, 0x20, 0x51, 0x7C, 0xFD, 0x86, 0xDD, 0xF1, 0xE5,
    0xAB, 0x76, 0x44, 0x5F, 0xE9, 0xAB, 0x9C, 0x5F, 0xBF, 0x97, 0x3C, 0x27, 0x26, 0x06, 0x17, 0xD4,
    0xC3, 0x43, 0x3B, 0x43, 0x5F, 0x2C, 0x58, 0xD8, 0x5F, 0x0F, 0x17, 0xFB, 0xEA, 0xB5, 0x3B, 0x3B,
    0x4F, 0x2A, 0x4E, 0x58, 0x35, 0x12, 0x0B, 0x4B, 0x80, 0xC9, 0x09, 0xA2, 0xBE, 0x5C, 0x79, 0xDE,
    0xA7, 0x2E, 0xD9, 0x56, 0x2F, 0xC5, 0x9C, 0xE1, 0x36, 0xEF, 0xEA, 0x9F, 0x01, 0xAA, 0x06, 0x29,
    0x66, 0x9C, 0x00, 0x03, 0xD0, 0x63, 0xF2, 0x38, 0xED, 0x81, 0x45, 0x03, 0xF1, 0xA5, 0x2B, 0xB6,
    0xC7, 0x1F, 0x7F, 0xEE, 0xC6, 0xFA, 0x98, 0x75, 0xE4, 0xEC, 0xCB, 0x43, 0x8A, 0xB2, 0x90, 0xBD,
    0x75, 0xFB, 0x68, 0xBD, 0x07, 0xC8, 0xDF, 0x7E, 0xE5, 0xDB, 0x97, 0x58, 0x56, 0xD8, 0xB6, 0xAF,
    0xDB, 0x87, 0x39, 0xAF, 0x7D, 0xE4, 0x82, 0x2D, 0xF1, 0xEC, 0xB7, 0x5D, 0x16, 0xE7, 0x5F, 0xBB,
    0x2B, 0x06, 0x46, 0x06, 0x6A, 0xDF, 0xD3, 0x3B, 0xB2, 0x8F, 0xF2, 0x72, 0xD6, 0x6B, 0xD6, 0x2C,
    0x8C, 0xD3, 0xD6, 0x2D, 0xAA, 0x8F, 0x5D, 0x7E, 0xDB, 0xBE, 0x7A, 0x2F, 0x98, 0xDC, 0xAC, 0xF0,
    0xFD, 0x7A, 0xAB, 0x6E, 0x0C, 0x9A, 0xEC, 0x6C, 0x2C, 0xCA, 0x1B, 0x53, 0xD6, 0x60, 0x3A, 0x3E,
    0x55, 0xFB, 0x38, 0xF7, 0xAC, 0x74, 0x1D, 0xFC, 0x1A, 0xB5, 0xFB, 0x07, 0xFB, 0xE2, 0xE2, 0x5B,
    0xF6, 0xC4, 0x0D, 0xDB, 0x3B, 0x87, 0x91, 0x9D, 0xB4, 0x66, 0x24, 0xD6, 0x95, 0x61, 0xA2, 0x86,
    0x98, 0xFA, 0x10, 0x33, 0x48, 0x80, 0x01, 0xE8, 0x41, 0xB5, 0x60, 0xEA, 0xEF, 0x8B, 0x3F, 0xFC,
    0xE7, 0xEB, 0x3B, 0x87, 0x45, 0x14, 0x75, 0xC5, 0xCB, 0xAC, 0xAA, 0xE7, 0x45, 0x0C, 0xF4, 0xC5,
    0xAE, 0xBD, 0xE3, 0x71, 0xCE, 0xFB, 0xAF, 0x8C, 0x5F, 0xFB, 0xD8, 0x35, 0xF5, 0xF1, 0xAC, 0x5F,
    0xB2, 0xCB, 0x74, 0x51, 0x7B, 0xB2, 0xCF, 0xB2, 0xEF, 0xBA, 0x35, 0xE8, 0x6F, 0x7D, 0xF2, 0xBA,
    0x78, 0xC1, 0x3B, 0x2F, 0x8F, 0x9B, 0xB6, 0xEE, 0xAF, 0x87, 0x0E, 0x0A, 0x2F, 0xBD, 0xA7, 0xDE,
    0x48, 0xB2, 0x84, 0x95, 0x1F, 0x3A, 0x66, 0x49, 0xAC, 0x5A, 0x34, 0x50, 0x1F, 0xBB, 0x7E, 0x5B,
    0x09, 0x16, 0x25, 0x4C, 0xDC, 0xAD, 0xDD, 0xA2, 0xDD, 0xE7, 0xF6, 0x2F, 0x88, 0x73, 0xCE, 0xDE,
    0x50, 0x0F, 0x0B, 0xCB, 0x0D, 0x48, 0xE9, 0xCA, 0xCD, 0xFB, 0x62, 0xCF, 0x68, 0x49, 0x38, 0x35,
    0x9D, 0x74, 0x5E, 0x77, 0xEB, 0x9E, 0x89, 0xD8, 0xB2, 0x67, 0xBC, 0xFE, 0x7E, 0x49, 0x99, 0x36,
    0x4E, 0x5B, 0xBF, 0xB0, 0xEE, 0x05, 0x72, 0x63, 0xCB, 0x99, 0x27, 0xC0, 0x00, 0xF4, 0xA8, 0x5C,
    0x27, 0x4E, 0x8E, 0x4F, 0x95, 0x82, 0xEA, 0xDA, 0xF8, 0xE2, 0x95, 0x3B, 0xEA, 0xCF, 0xDF, 0xEF,
    0xD0, 0x08, 0x66, 0x46, 0x9E, 0x13, 0x93, 0x87, 0x9E, 0x8C, 0x4F, 0x4C, 0xC6, 0xFF, 0xFB, 0xCC,
    0xF5, 0xF1, 0xD2, 0x77, 0x5F, 0x1E, 0x37, 0xEE, 0x18, 0xED, 0x1C, 0x77, 0x9F, 0x5B, 0x73, 0x75,
    0x51, 0x33, 0xEA, 0xEC, 0x54, 0x86, 0xEC, 0xBB, 0x2C, 0x80, 0x5F, 0xF2, 0xAE, 0x2B, 0xE2, 0xF7,
    0x3E, 0x7D, 0x5D, 0x0D, 0xA8, 0xD9, 0xC7, 0xE6, 0xB7, 0xDE, 0x54, 0xE3, 0xC2, 0xE4, 0x64, 0xBD,
    0x22, 0xD8, 0xD2, 0x7A, 0x78, 0x5F, 0xD4, 0x79, 0xF0, 0x07, 0x85, 0x97, 0x7C, 0xDE, 0xA3, 0x4F,
    0x5A, 0x1E, 0x6F, 0x7B, 0xD1, 0x29, 0xF1, 0x8E, 0x17, 0x9C, 0x5C, 0x87, 0x77, 0xBE, 0xF0, 0xE4,
    0xF8, 0xF7, 0xD7, 0xDC, 0x37, 0xFE, 0xFC, 0xC7, 0x8F, 0xAB, 0xD3, 0x41, 0x9E, 0xE8, 0x9F, 0xA1,
    0xF5, 0x23, 0x17, 0x6C, 0x8D, 0x28, 0x01, 0xA6, 0xAF, 0x73, 0x14, 0x59, 0xFD, 0xDD, 0xBE, 0x12,
    0x9A, 0x76, 0xEF, 0x9F, 0xA8, 0xAF, 0xB5, 0x68, 0xB0, 0x2F, 0x36, 0x2C, 0x1B, 0xAA, 0x2F, 0xFA,
    0x03, 0xDE, 0x96, 0xC3, 0x40, 0x80, 0x01, 0xE8, 0x51, 0x75, 0xA5, 0x59, 0x8A, 0xA8, 0x9B, 0xB7,
    0xEE, 0x8F, 0xE7, 0xBD, 0xFD, 0xB2, 0x38, 0xFF, 0xA6, 0xDD, 0xF5, 0xD8, 0xFC, 0xEE, 0x16, 0x42,
    0x66, 0x4F, 0x16, 0x42, 0x79, 0xEC, 0x7B, 0xDE, 0x0F, 0xE4, 0xAD, 0xE7, 0xDD, 0x12, 0x4F, 0x7F,
    0xE3, 0xC5, 0xF5, 0x04, 0xE0, 0x7A, 0x03, 0xCC, 0x52, 0x11, 0xE7, 0x61, 0x29, 0xF4, 0xB6, 0x0C,
    0x27, 0x59, 0x94, 0xE6, 0x86, 0x81, 0x2F, 0x5D, 0xB5, 0x23, 0x7E, 0xEC, 0xEF, 0x2F, 0x89, 0xB7,
    0x7D, 0xE5, 0xE6, 0x58, 0x50, 0x2A, 0xA3, 0xEC, 0xD7, 0xEC, 0x63, 0x7A, 0x53, 0xF6, 0x59, 0x06,
    0xCF, 0xC5, 0x43, 0x7D, 0x07, 0x36, 0xEC, 0xEC, 0x2D, 0xE1, 0xA2, 0xFE, 0xF0, 0x7D, 0xFA, 0x2D,
    0xE7, 0xCB, 0x3C, 0xF4, 0xEB, 0x45, 0x0F, 0x5A, 0x1B, 0x2F, 0x38, 0xAB, 0x33, 0x3C, 0xFF, 0x81,
    0x6B, 0xE3, 0x41, 0x1B, 0x97, 0xD4, 0x79, 0x37, 0x97, 0xAF, 0xE9, 0x57, 0x3F, 0x7A, 0x4D, 0xFC,
    0xCB, 0xE5, 0xDB, 0xEA, 0x49, 0xFC, 0x39, 0x2B, 0xE7, 0x4B, 0xD6, 0x33, 0xDE, 0xCA, 0xB2, 0x37,
    0xDF, 0x26, 0xE5, 0x73, 0x17, 0xE6, 0xA5, 0x9A, 0x4D, 0x27, 0xB3, 0x42, 0x80, 0x01, 0xE8, 0x61,
    0x59, 0x44, 0xF5, 0x95, 0x95, 0xE4, 0x0D, 0x25, 0xC4, 0x3C, 0xFF, 0x1D, 0x97, 0xC7, 0x05, 0x37,
    0xED, 0x39, 0xB0, 0x85, 0x90, 0xD9, 0x95, 0x3D, 0x90, 0xC5, 0x4D, 0xFF, 0x48, 0x7F, 0xFC, 0xC7,
    0x55, 0x3B, 0xE3, 0x59, 0x6F, 0xBD, 0x34, 0x5E, 0xFF, 0xE5, 0x9B, 0xEB, 0x95, 0xE3, 0xB2, 0x18,
    0xB2, 0xF5, 0xBE, 0x77, 0x65, 0xDF, 0x64, 0x01, 0x9A, 0x87, 0x08, 0xFD, 0xFE, 0xA7, 0xAF, 0x8F,
    0x1F, 0x2F, 0xE1, 0xE5, 0x3F, 0xAF, 0xDC, 0x51, 0x0F, 0x19, 0xAB, 0x05, 0xAB, 0xAE, 0x6B, 0xC2,
    0xFE, 0xF1, 0x4E, 0x47, 0x65, 0xEE, 0x18, 0x2A, 0xCB, 0xC5, 0xE9, 0xA4, 0xF1, 0x3D, 0xDD, 0x59,
    0xBF, 0x76, 0xE7, 0xD3, 0x4B, 0x6F, 0xDD, 0x1B, 0xEF, 0xF9, 0xFA, 0xED, 0xF5, 0xF0, 0xC1, 0xD7,
    0x9E, 0x77, 0x73, 0x27, 0x0C, 0x1D, 0xF4, 0x92, 0xF5, 0x12, 0x0E, 0xA5, 0x6A, 0xAE, 0x17, 0x01,
    0x28, 0x32, 0x0C, 0x8D, 0xE6, 0xFB, 0x7F, 0x9F, 0xF7, 0xE3, 0xF0, 0x11, 0x60, 0x00, 0x7A, 0x5C,
    0xAE, 0x5F, 0xF3, 0xBC, 0x8B, 0x0B, 0xAE, 0xDD, 0x15, 0xCF, 0x7D, 0xFB, 0x65, 0x35, 0xC4, 0xE4,
    0x55, 0x70, 0xD4, 0xC7, 0xBD, 0xA1, 0x16, 0xC3, 0xA5, 0xF0, 0xBD, 0xE6, 0xB6, 0x7D, 0xF5, 0x8E,
    0xDD, 0x79, 0xC3, 0xC3, 0x1B, 0xB6, 0x8F, 0xD6, 0x02, 0xD9, 0x9E, 0x98, 0xDE, 0xD2, 0xED, 0x8E,
    0xEC, 0x9B, 0x0B, 0x6F, 0xDE, 0x53, 0xF7, 0x6C, 0xFE, 0xE6, 0x47, 0xAF, 0x8E, 0xCD, 0x3B, 0xC7,
    0x4A, 0x10, 0xCD, 0x7B, 0x87, 0xE8, 0xAF, 0x16, 0xD4, 0x7E, 0x2C, 0x7D, 0x78, 0xD3, 0x8E, 0xD1,
    0xD8, 0x33, 0x36, 0x59, 0xFB, 0x73, 0xED, 0x92, 0xBC, 0x2F, 0xCB, 0xF7, 0xEF, 0xBF, 0xDC, 0xF8,
    0x93, 0x7B, 0xDB, 0xF2, 0x22, 0x1C, 0xE7, 0x7C, 0xE0, 0xCA, 0x3A, 0x0D, 0xE4, 0xDF, 0xA6, 0xBC,
    0x64, 0xF6, 0x73, 0xDF, 0x7A, 0x69, 0xBC, 0xEB, 0x2B, 0xB7, 0xD4, 0x1B, 0x5F, 0xE6, 0x9E, 0xB8,
    0x03, 0x2F, 0x97, 0x41, 0xA6, 0x7C, 0x9F, 0x57, 0x88, 0xCC, 0x43, 0xC7, 0x52, 0x1E, 0x4E, 0x76,
    0xCB, 0xCE, 0xD1, 0x3A, 0x1E, 0xA6, 0x9A, 0x99, 0x27, 0xC0, 0x00, 0x34, 0x20, 0x0B, 0xAB, 0xBC,
    0x02, 0xD6, 0x85, 0x37, 0xEC, 0x8E, 0x1F, 0x7D, 0xD3, 0xC5, 0xF1, 0xB9, 0xCB, 0xB7, 0xD7, 0xAD,
    0x8E, 0xE9, 0x07, 0xAC, 0xB3, 0x99, 0x01, 0x35, 0xC4, 0xE4, 0x25, 0x57, 0x8B, 0xBF, 0xFB, 0xC2,
    0x4D, 0xF5, 0xE6, 0x78, 0x1F, 0xBC, 0x60, 0x4B, 0xDD, 0x13, 0x93, 0xB2, 0x8F, 0xF4, 0xD3, 0xEC,
    0xE9, 0xB6, 0x7D, 0x76, 0x47, 0x66, 0x94, 0x3F, 0xFD, 0x7C, 0xA7, 0x8F, 0x3E, 0xF2, 0x8D, 0xDB,
    0xA3, 0x6F, 0xA8, 0x3F, 0xFA, 0x4A, 0x61, 0x2B, 0xBC, 0xB4, 0xA3, 0x6E, 0x18, 0x18, 0xE8, 0x8B,
    0xF3, 0x6F, 0xDA, 0x13, 0xDB, 0xF7, 0x76, 0x4E, 0xAA, 0x3F, 0x7A, 0xC5, 0x70, 0xA7, 0x83, 0x7F,
    0x80, 0xBC, 0xDC, 0xF2, 0x5B, 0x3F, 0x7B, 0x43, 0xFC, 0xCD, 0xC7, 0xAE, 0x8D, 0xDF, 0x3B, 0xF7,
    0xFA, 0xD8, 0x37, 0x7D, 0x97, 0xFE, 0x47, 0x9D, 0xB8, 0x2C, 0x9E, 0x75, 0xFF, 0xB5, 0x25, 0xDD,
    0x2E, 0xA8, 0x1B, 0x88, 0x0E, 0x9E, 0x5F, 0xF3, 0x55, 0xF3, 0xE7, 0x15, 0x0B, 0x07, 0x62, 0xD5,
    0xA2, 0x12, 0x94, 0x8A, 0x5D, 0xA3, 0x13, 0x71, 0xD9, 0xED, 0xFB, 0xEA, 0xF3, 0xF3, 0xDC, 0x37,
    0x66, 0x96, 0x00, 0x03, 0xD0, 0x88, 0x3C, 0x6C, 0x2C, 0xEF, 0x59, 0x70, 0xF5, 0xAD, 0x7B, 0xE3,
    0xD9, 0x6F, 0xBB, 0x34, 0xDE, 0xFE, 0xB5, 0xDB, 0xEA, 0xE3, 0xB9, 0xCE, 0xCE, 0x13, 0xCB, 0xAD,
    0x42, 0x67, 0x57, 0x16, 0xC0, 0xD9, 0x17, 0x79, 0x48, 0xD9, 0xF9, 0xD7, 0xED, 0xAA, 0x37, 0xC6,
    0x7B, 0xCD, 0x87, 0xAE, 0xAE, 0x5B, 0x76, 0xF3, 0xF1, 0x03, 0xFD, 0xA4, 0xA3, 0x66, 0x4C, 0x66,
    0x92, 0x6C, 0xEF, 0x6E, 0x5D, 0xFB, 0xE5, 0xAB, 0x77, 0xC6, 0x53, 0xFF, 0xEE, 0xE2, 0xF8, 0xE5,
    0x0F, 0x5E, 0x19, 0xD7, 0x6D, 0xDE, 0x1F, 0xFD, 0x83, 0x79, 0xC8, 0xD8, 0xF4, 0x7D, 0x3E, 0x68,
    0x46, 0xF6, 0x57, 0xFF, 0x60, 0x5F, 0x5C, 0x76, 0xC3, 0xAE, 0xB8, 0xB2, 0xF4, 0x63, 0x3A, 0x69,
    0x4D, 0x09, 0x30, 0xE5, 0xB1, 0xDA, 0xDF, 0xF5, 0x91, 0x3B, 0xB7, 0x28, 0x03, 0xEB, 0xB2, 0xA1,
    0xE8, 0x5F, 0x35, 0x5C, 0xEF, 0xE7, 0xF4, 0x89, 0x8B, 0xB7, 0xD6, 0xC7, 0x47, 0xCA, 0xDF, 0xBE,
    0xFA, 0x11, 0x1B, 0x62, 0xC9, 0xA2, 0x81, 0x7A, 0x89, 0xE6, 0xEE, 0x06, 0xA2, 0x54, 0xEF, 0xF5,
    0x52, 0x82, 0xCE, 0x89, 0xAB, 0x47, 0x62, 0xC3, 0xB2, 0x4E, 0x80, 0xB9, 0x76, 0xEB, 0x68, 0x5C,
    0x7B, 0xCB, 0xDE, 0xBA, 0x77, 0xDC, 0xF4, 0x33, 0xF3, 0x04, 0x18, 0x80, 0x86, 0xE4, 0x96, 0xC7,
    0x3C, 0x27, 0xE6, 0xF6, 0x9D, 0x63, 0xF1, 0x92, 0x77, 0x5F, 0x11, 0xBF, 0xF0, 0xA1, 0xAB, 0x62,
    0xE7, 0xFE, 0x89, 0x7A, 0xDE, 0x45, 0xAE, 0xB8, 0x6D, 0x45, 0x9E, 0x5D, 0xDD, 0x3E, 0xC8, 0x3E,
    0xDA, 0x37, 0x3A, 0x19, 0x7F, 0xFE, 0xB9, 0x1B, 0xE2, 0x91, 0x7F, 0x7D, 0x7E, 0xBC, 0xEF, 0x1B,
    0xB7, 0xD7, 0x8B, 0x2F, 0x64, 0x3F, 0x75, 0x6A, 0x21, 0xFD, 0x74, 0x38, 0x65, 0x3F, 0xD4, 0xC0,
    0x5F, 0xDA, 0x3A, 0xDB, 0xFB, 0xD6, 0x5D, 0x63, 0xF5, 0xC4, 0xEC, 0xC7, 0xBD, 0xEE, 0xC2, 0xF8,
    0xD4, 0x85, 0x9B, 0xEB, 0x83, 0xF5, 0x2A, 0x63, 0xE5, 0x89, 0x7A, 0xA2, 0x61, 0xA5, 0xF3, 0x3E,
    0x75, 0x69, 0x27, 0x80, 0xDC, 0xFF, 0xA8, 0x25, 0x71, 0xE6, 0x91, 0x8B, 0x62, 0x72, 0x6C, 0x22,
    0xFA, 0x0E, 0x4E, 0x1F, 0x77, 0x90, 0xCB, 0xD0, 0xC9, 0x89, 0xCE, 0x5E, 0x97, 0xF1, 0xD1, 0x89,
    0xF8, 0xBF, 0xFF, 0x7C, 0x43, 0xBD, 0x3B, 0x7F, 0x7A, 0xC4, 0x09, 0x4B, 0xE3, 0x57, 0x1E, 0x7D,
    0x64, 0x44, 0x79, 0xFC, 0xE0, 0xD7, 0xC8, 0xD3, 0x6B, 0xF2, 0xEC, 0xFD, 0xC7, 0x9D, 0xB2, 0xA2,
    0x5E, 0x79, 0x2C, 0xA7, 0xAF, 0xF7, 0x7E, 0x3D, 0xEF, 0xCA, 0x5F, 0xBE, 0x31, 0x01, 0xCD, 0x0A,
    0x01, 0x06, 0xA0, 0x31, 0x59, 0xFB, 0xE6, 0x55, 0x92, 0x72, 0xCB, 0xF1, 0x5F, 0x7E, 0xF6, 0x86,
    0x78, 0xDA, 0x1B, 0x2F, 0x8E, 0x73, 0x2F, 0xDD, 0x56, 0x8B, 0xB5, 0x3C, 0x9E, 0x3B, 0x0B, 0x65,
    0xEB, 0xD4, 0xD9, 0x55, 0xF3, 0x49, 0xE9, 0x8F, 0xEC, 0xA7, 0xEB, 0xB6, 0xEC, 0x8F, 0x67, 0xFD,
    0xFD, 0x25, 0xF1, 0xE2, 0x77, 0x5D, 0x1E, 0x9F, 0x2E, 0xFD, 0x94, 0xF2, 0x10, 0x95, 0xEC, 0x27,
    0x39, 0xE6, 0xD0, 0xCB, 0xE0, 0x92, 0xA1, 0x25, 0xDB, 0xF8, 0xB6, 0x12, 0x5C, 0xF2, 0x84, 0xEC,
    0x27, 0xFE, 0xED, 0x45, 0xF1, 0x47, 0x9F, 0xBE, 0x2E, 0xF6, 0x96, 0x50, 0xB9, 0x20, 0xCF, 0xC2,
    0x2E, 0xBF, 0xD7, 0xF6, 0x6D, 0xEB, 0x1E, 0x46, 0xF6, 0xB1, 0x0B, 0xB7, 0xC6, 0xB6, 0xBD, 0xE3,
    0x71, 0xF4, 0xF2, 0xA1, 0xF8, 0xE9, 0x87, 0xAE, 0xAF, 0x81, 0x22, 0xF3, 0x46, 0x0E, 0xDF, 0x4F,
    0x6E, 0x68, 0x18, 0x18, 0xEA, 0x8F, 0x7F, 0x2B, 0xF3, 0xE4, 0xDF, 0x94, 0x69, 0xA4, 0x3B, 0x39,
    0xBC, 0xF2, 0x61, 0xEB, 0xE3, 0x41, 0x27, 0x2D, 0x8B, 0xF1, 0x7D, 0x13, 0x75, 0x79, 0x9A, 0x87,
    0x81, 0x8E, 0x96, 0xE9, 0xE6, 0x98, 0xA3, 0x16, 0xC7, 0xB3, 0xEE, 0xB7, 0xBA, 0x3E, 0x27, 0x6F,
    0x66, 0xF9, 0xBE, 0x6F, 0x6E, 0xA9, 0xEF, 0xEF, 0x3C, 0xB7, 0xD9, 0x21, 0xC0, 0x00, 0x34, 0xA8,
    0xBB, 0xCE, 0xEC, 0x2F, 0x2B, 0xE0, 0x2F, 0x5C, 0xB2, 0x2D, 0x9E, 0xF1, 0x96, 0x4B, 0xE3, 0x7F,
    0x7E, 0xE2, 0x9A, 0xB8, 0x71, 0xFB, 0x68, 0x3D, 0x51, 0x35, 0x59, 0xB1, 0xCE, 0xBE, 0xEC, 0x81,
    0x0C, 0x31, 0xFD, 0x03, 0xFD, 0xF1, 0x0F, 0x5F, 0xBD, 0xB5, 0x5E, 0xED, 0x2A, 0x6F, 0x80, 0x99,
    0xC7, 0xEE, 0x67, 0x3F, 0x65, 0xE8, 0xCC, 0x42, 0x4A, 0x4F, 0xDD, 0x7B, 0x19, 0x48, 0x72, 0x9A,
    0xCF, 0xE0, 0x92, 0x57, 0xA7, 0xFA, 0xD0, 0x05, 0x5B, 0xE2, 0x99, 0x65, 0xBE, 0xF8, 0xB9, 0xF7,
    0x5C, 0x11, 0x5F, 0xBF, 0x76, 0x57, 0xBD, 0xD0, 0x42, 0x56, 0xB5, 0xDA, 0x7A, 0x6E, 0xA8, 0x8B,
    0xB7, 0x32, 0x0F, 0xE5, 0xBC, 0x74, 0xDE, 0x55, 0x3B, 0xEB, 0x63, 0xCF, 0xBC, 0xEF, 0xEA, 0xF8,
    0xA1, 0x13, 0x4B, 0xF8, 0xC8, 0xBD, 0xD2, 0x39, 0x73, 0x4D, 0x3B, 0x78, 0x51, 0x78, 0xF0, 0xF7,
    0x75, 0x4F, 0xE8, 0xC2, 0x81, 0x78, 0xED, 0x97, 0x6E, 0x8A, 0x8B, 0x6E, 0xDE, 0x53, 0x1F, 0x3B,
    0x72, 0xD9, 0x50, 0xBC, 0xE2, 0xA1, 0x47, 0xD4, 0xC3, 0xD1, 0xF2, 0x2E, 0xFB, 0xF5, 0x65, 0xCA,
    0x1F, 0xBD, 0xF8, 0x41, 0x6B, 0xE3, 0xBE, 0x47, 0x76, 0xEE, 0xFA, 0xFF, 0xB9, 0x2B, 0x76, 0x74,
    0xEE, 0xC8, 0x5F, 0x7E, 0x69, 0x7A, 0x9A, 0x1D, 0x02, 0x0C, 0x40, 0xC3, 0xEA, 0x56, 0xC4, 0x52,
    0x98, 0xED, 0xDA, 0x37, 0x1E, 0xFF, 0xFB, 0x93, 0xD7, 0xC5, 0x53, 0xDF, 0x78, 0x71, 0xFC, 0xE9,
    0xBF, 0xDC, 0x18, 0x93, 0xE5, 0xF1, 0xEE, 0x09, 0xE4, 0xC9, 0x4A, 0x76, 0xF6, 0x64, 0xC1, 0x94,
    0x87, 0x2A, 0x0D, 0x8C, 0xF4, 0xD7, 0x3D, 0x00, 0x7F, 0xF3, 0xD9, 0x1B, 0x6A, 0x90, 0xF9, 0x6F,
    0xEF, 0xBB, 0xB2, 0x5E, 0xBA, 0x35, 0x0B, 0xAD, 0x6E, 0x4F, 0xE9, 0xA7, 0xBB, 0xE7, 0xE0, 0xF6,
    0xCA, 0x42, 0x33, 0xA7, 0xF9, 0x77, 0x7C, 0xED, 0xB6, 0x78, 0xC6, 0x9B, 0x2F, 0xA9, 0xE7, 0x20,
    0x7D, 0xF1, 0xE2, 0xAD, 0x75, 0x2B, 0x7B, 0x9E, 0x3B, 0xE6, 0xF0, 0xCA, 0xB9, 0x27, 0xE7, 0x9B,
    0x89, 0x32, 0x4F, 0xFD, 0xF6, 0x3F, 0x5D, 0x17, 0xDB, 0xF7, 0x4E, 0xC4, 0x91, 0xCB, 0x87, 0xE2,
    0x57, 0x1E, 0x73, 0x54, 0x0C, 0x95, 0x50, 0x32, 0xD6, 0xBD, 0x2F, 0x4C, 0xF9, 0xBF, 0xBB, 0x51,
    0x27, 0x65, 0xC0, 0x3D, 0x58, 0xFE, 0xB4, 0x79, 0xC7, 0x68, 0xFC, 0xDA, 0xC7, 0xAE, 0xE9, 0x3C,
    0x50, 0xFC, 0xCC, 0xC3, 0xD6, 0xC7, 0xF3, 0x1F, 0xB8, 0xA6, 0xCE, 0xBC, 0xB9, 0x27, 0xE6, 0xFE,
    0xC7, 0x2E, 0x8D, 0x73, 0xCE, 0x2E, 0xA1, 0xA6, 0xD8, 0x51, 0x7E, 0xFE, 0xB3, 0x2F, 0xDC, 0x98,
    0x33, 0xF5, 0x81, 0xF9, 0x96, 0x99, 0x27, 0xC0, 0x00, 0x34, 0xAE, 0x1E, 0xEB, 0x5F, 0x56, 0xCA,
    0xB9, 0x37, 0xE6, 0xEB, 0x57, 0xEF, 0x8C, 0x5F, 0xFE, 0xF0, 0xD5, 0xF1, 0xC3, 0x7F, 0x79, 0x41,
    0xBC, 0xF3, 0x3F, 0x6E, 0x8B, 0xAD, 0xD3, 0x57, 0xE8, 0xE9, 0xAE, 0x68, 0xB3, 0x98, 0x56, 0xC7,
    0xCD, 0x8E, 0x4E, 0x3F, 0x45, 0xF4, 0x97, 0xE2, 0xEA, 0xCA, 0x5B, 0xF6, 0xC6, 0xEB, 0x3E, 0x7F,
    0x63, 0x3C, 0xFE, 0xF5, 0x17, 0xC5, 0xFF, 0xFC, 0xC4, 0xB5, 0x71, 0x45, 0x5E, 0xCD, 0xA8, 0xD0,
    0x4F, 0x3F, 0x58, 0xB6, 0x4D, 0x0E, 0xA9, 0xDB, 0x5E, 0xDB, 0x4B, 0x51, 0xF9, 0xBE, 0x6F, 0x6C,
    0x8E, 0xC7, 0xBE, 0xF6, 0x82, 0x78, 0xD9, 0x7B, 0xAE, 0x88, 0x4F, 0x94, 0xEF, 0x33, 0x2C, 0x0E,
    0x94, 0xB6, 0xCE, 0x76, 0xB7, 0x37, 0x72, 0x6E, 0xAA, 0xBD, 0x3A, 0xB0, 0x20, 0xBE, 0x56, 0x96,
    0x7B, 0x7F, 0x9E, 0xA1, 0xA2, 0x78, 0xF6, 0xFD, 0x56, 0xC7, 0xEF, 0x3D, 0xE9, 0x98, 0x7A, 0x65,
    0xB9, 0x92, 0x5A, 0xEB, 0xB4, 0x72, 0xC1, 0xCD, 0x7B, 0xE2, 0xBF, 0x6E, 0xD8, 0x1D, 0x5F, 0xB9,
    0x66, 0x67, 0x5C, 0x76, 0xDB, 0xDE, 0xFA, 0xBC, 0xAE, 0xFA, 0x1A, 0xFD, 0x7D, 0xF1, 0xF1, 0x8B,
    0xB6, 0xC6, 0x1F, 0xFE, 0xF3, 0xF5, 0xF1, 0xD5, 0x6B, 0x77, 0xC6, 0x7F, 0x5E, 0xBF, 0x2B, 0x7E,
    0xF8, 0xF8, 0x65, 0x31, 0x50, 0x82, 0xEF, 0x71, 0xEB, 0x17, 0xC6, 0x9B, 0x9E, 0x73, 0x52, 0xAC,
    0x5F, 0x3A, 0x54, 0x9F, 0xFF, 0x5B, 0x9F, 0xBA, 0x2E, 0xFE, 0xEB, 0x9A, 0x5D, 0x75, 0xEF, 0x8F,
    0xA9, 0x6A, 0xF6, 0x08, 0x30, 0x00, 0x73, 0x40, 0x16, 0xBB, 0xB9, 0x95, 0x3F, 0x43, 0x4C, 0xFA,
    0xEA, 0xB7, 0xB6, 0xC7, 0xCB, 0xFE, 0xE1, 0x8A, 0x78, 0xC8, 0x9F, 0x9F, 0x1F, 0x7F, 0xFC, 0xB9,
    0x1B, 0x63, 0xF3, 0xEE, 0xE9, 0x20, 0x53, 0xD6, 0xE9, 0xB9, 0x01, 0x32, 0x9F, 0xDF, 0x29, 0xEC,
    0xBE, 0x5D, 0x0C, 0x72, 0xF8, 0xD5, 0x7E, 0x2A, 0xFF, 0xF4, 0x0D, 0x2E, 0x88, 0xBE, 0xA1, 0xBE,
    0xB8, 0xEE, 0xF6, 0xBD, 0xF1, 0xBF, 0xCF, 0xBD, 0x3E, 0x1E, 0xFA, 0x17, 0xE7, 0xC7, 0x8B, 0xDE,
    0x79, 0x79, 0x3D, 0x1C, 0x66, 0xA2, 0x3C, 0xE7, 0xE0, 0x7E, 0xAA, 0x87, 0x98, 0xCD, 0xF3, 0x3E,
    0xCA, 0xCF, 0x9F, 0xED, 0x90, 0xD3, 0x6C, 0xDD, 0xA8, 0x5E, 0x86, 0xB4, 0x79, 0xCF, 0x78, 0xBD,
    0x79, 0xE8, 0x23, 0xFE, 0xEA, 0x82, 0x78, 0xC1, 0x3B, 0x2E, 0x8B, 0xCF, 0x5E, 0xBC, 0x2D, 0xC6,
    0xC6, 0x27, 0xEB, 0xE1, 0x62, 0x79, 0x1F, 0x8F, 0x7C, 0x3E, 0x73, 0x5B, 0x9D, 0x16, 0xCA, 0xF0,
    0x17, 0x5F, 0xB8, 0x29, 0x3E, 0x72, 0xE1, 0x96, 0xFA, 0xD8, 0x2F, 0x3F, 0xFA, 0xC8, 0xF8, 0xDF,
    0x4F, 0x3D, 0x36, 0x06, 0x73, 0xEF, 0xF4, 0xAE, 0xB1, 0xF8, 0xAD, 0x4F, 0x5E, 0x17, 0x3F, 0x52,
    0xC2, 0xED, 0x13, 0x5F, 0x7F, 0x51, 0xFC, 0xD9, 0xE7, 0x6F, 0xEA, 0xCC, 0x5C, 0x07, 0xE9, 0xCE,
    0x6F, 0xF9, 0xBC, 0x27, 0xFF, 0xED, 0x45, 0x75, 0x7E, 0xFC, 0xC5, 0x0F, 0x5D, 0x15, 0xC7, 0xAE,
    0x1C, 0x8E, 0xF7, 0xBD, 0x74, 0x53, 0x3C, 0xF0, 0xE8, 0xC5, 0xF5, 0x79, 0xFF, 0xF8, 0xF5, 0xCD,
    0xF1, 0x77, 0x5F, 0xB9, 0xA5, 0x56, 0xCF, 0xDD, 0x69, 0x90, 0xD9, 0x21, 0xC0, 0x00, 0xCC, 0x21,
    0x19, 0x62, 0x6A, 0x81, 0x57, 0x8A, 0xE3, 0xBC, 0x4B, 0xF4, 0xE5, 0xB7, 0xEC, 0x89, 0xFF, 0xFE,
    0x81, 0x2B, 0xE3, 0xFE, 0x7F, 0xFC, 0x8D, 0x7A, 0x15, 0xA6, 0x8F, 0x5E, 0xB8, 0x35, 0xAE, 0xDB,
    0xB6, 0xBF, 0xAE, 0xAC, 0xF3, 0x50, 0x8A, 0xBA, 0x1E, 0x2F, 0x43, 0x16, 0x7A, 0xDD, 0x40, 0xC3,
    0xE1, 0x97, 0xED, 0x9C, 0xC3, 0x82, 0xC1, 0xAC, 0x84, 0x4A, 0x21, 0xBE, 0x73, 0x34, 0xDE, 0xF1,
    0xD5, 0x5B, 0xE2, 0xAC, 0x3F, 0xFD, 0x46, 0x09, 0x32, 0x97, 0xD5, 0xBD, 0x09, 0xD7, 0x6E, 0xED,
    0xF4, 0x53, 0x3D, 0xC4, 0x6C, 0xBA, 0x8F, 0xE6, 0xDB, 0x61, 0x50, 0x07, 0x87, 0x96, 0x6C, 0x87,
    0x9C, 0x66, 0xF3, 0x10, 0x9E, 0xCF, 0x5C, 0xB6, 0x2D, 0x7E, 0xE3, 0x13, 0xD7, 0xC4, 0x83, 0x4A,
    0x7B, 0xFD, 0xEC, 0xBB, 0xAF, 0x88, 0xF3, 0x6F, 0xD8, 0x55, 0xA7, 0xF7, 0x9C, 0xEE, 0xF3, 0x92,
    0xB7, 0x2E, 0x57, 0x3D, 0x7F, 0x64, 0x3F, 0xF7, 0xF7, 0xF7, 0xC5, 0xD6, 0x1D, 0xA3, 0xF1, 0xB3,
    0xEF, 0xBD, 0x32, 0xFE, 0xF9, 0xF2, 0xED, 0xB9, 0x43, 0x25, 0x7E, 0xED, 0x47, 0x8E, 0x8A, 0x7F,
    0x7C, 0xC9, 0xA6, 0xF8, 0xE1, 0x53, 0x96, 0xC7, 0xFE, 0xFD, 0x13, 0xB1, 0x6D, 0xF3, 0xFE, 0xD8,
    0x59, 0x02, 0x6F, 0xDE, 0xA4, 0x32, 0xA7, 0xA5, 0x3C, 0xAC, 0x2C, 0x87, 0xCE, 0x72, 0x30, 0x2F,
    0x8A, 0x12, 0x31, 0x36, 0x3A, 0x11, 0x5B, 0xCB, 0xF3, 0x46, 0x06, 0xFA, 0xE2, 0xB9, 0x0F, 0x58,
    0x13, 0x9F, 0xFD, 0x6F, 0x67, 0xC4, 0x59, 0x1B, 0x97, 0xD4, 0xF7, 0xC9, 0x8B, 0x05, 0xBC, 0xBA,
    0x2C, 0x4B, 0xF7, 0xEC, 0x1D, 0x8B, 0xBE, 0xBE, 0xCE, 0xE5, 0x9A, 0x99, 0x3D, 0x02, 0xCC, 0x2C,
    0xCA, 0x69, 0xBF, 0xBB, 0x5B, 0x3B, 0xD7, 0x49, 0xBD, 0x3A, 0xA4, 0x99, 0x98, 0x51, 0xF3, 0x2D,
    0xBA, 0x6F, 0x73, 0x67, 0xE3, 0xD1, 0x2B, 0x43, 0xB2, 0xE0, 0xBA, 0xFB, 0x26, 0xA7, 0x7B, 0xF7,
    0xCE, 0xDA, 0xB4, 0x77, 0x86, 0xF2, 0x4F, 0xD1, 0xF9, 0xB7, 0x5D, 0x39, 0xFE, 0xF5, 0xA3, 0x94,
    0xA2, 0x2F, 0x2B, 0xE0, 0x2C, 0xEA, 0xAE, 0xDF, 0xBA, 0x2F, 0xFE, 0xE8, 0x9F, 0xAE, 0x8B, 0xA7,
    0xFF, 0xDD, 0x45, 0xF1, 0x94, 0x37, 0x5C, 0x1C, 0xBF, 0xFB, 0xE9, 0xEB, 0xE2, 0x33, 0x65, 0x45,
    0x7F, 0xF3, 0xF4, 0xE5, 0x43, 0x73, 0x25, 0xDE, 0x0D, 0x34, 0x79, 0x75, 0xAC, 0x1C, 0xB2, 0x78,
    0xCC, 0x76, 0xC9, 0xD7, 0x6A, 0xBD, 0x4D, 0x7A, 0xD5, 0x81, 0x65, 0x49, 0xF6, 0x53, 0x09, 0x33,
    0xD9, 0xEE, 0xEF, 0xFE, 0xEA, 0xAD, 0xF1, 0xAC, 0x37, 0x5F, 0x12, 0x4F, 0xF9, 0xBB, 0x8B, 0xE3,
    0x8F, 0x3F, 0x77, 0x43, 0x7C, 0xE3, 0xC6, 0xDD, 0xB1, 0xBF, 0x3C, 0x9E, 0xFD, 0x93, 0x85, 0x57,
    0x3E, 0xA7, 0x1B, 0x36, 0xE7, 0x5A, 0xBF, 0x64, 0x7B, 0xE4, 0xE7, 0xCA, 0xCF, 0x97, 0x9F, 0xB3,
    0x1B, 0x5A, 0x46, 0x27, 0x26, 0xE3, 0xA2, 0x12, 0xC6, 0xDF, 0xF6, 0xEF, 0xB7, 0xC5, 0xB3, 0xDE,
    0x7A, 0x69, 0xBD, 0xAA, 0xD8, 0x1F, 0x7C, 0xE2, 0xDA, 0xB8, 0xFA, 0xF6, 0x7D, 0x75, 0xFA, 0xAE,
    0x13, 0x6E, 0xF9, 0x7F, 0x3E, 0x4F, 0xAB, 0xDD, 0xCF, 0x5D, 0xDB, 0xA0, 0x17, 0x87, 0xE9, 0xF1,
    0x3B, 0x1C, 0xEA, 0xDE, 0xE7, 0xE1, 0xFE, 0xB8, 0x71, 0xCB, 0xFE, 0x78, 0xE9, 0xBB, 0x2F, 0x2F,
    0x61, 0xA3, 0xB3, 0x27, 0xE6, 0xC7, 0xCF, 0x5C, 0x15, 0x1F, 0x7F, 0xC5, 0x69, 0xF1, 0x27, 0xCF,
    0x38, 0x3E, 0x1E, 0x7E, 0xFA, 0xCA, 0x58, 0x3D, 0x7D, 0x0F, 0x97, 0x89, 0x12, 0x82, 0xC7, 0x76,
    0x8D, 0xC5, 0x58, 0x59, 0xFE, 0x8D, 0xEF, 0x1E, 0x8B, 0x89, 0xB1, 0x89, 0x12, 0x82, 0x16, 0xC4,
    0x31, 0x6B, 0x17, 0xC6, 0x33, 0x1F, 0xBA, 0x3E, 0x3E, 0xF8, 0x53, 0xA7, 0xC6, 0xDB, 0x9E, 0x7F,
    0x72, 0x1C, 0xB3, 0x72, 0xB8, 0x3E, 0xFF, 0xFD, 0xDF, 0xDC, 0x1C, 0x2F, 0x7F, 0xCF, 0x15, 0x71,
    0xEB, 0xB6, 0xFD, 0x75, 0x2F, 0xB7, 0x43, 0x12, 0x67, 0xDF, 0x82, 0x78, 0xCD, 0x79, 0x7A, 0x61,
    0x86, 0xE5, 0x96, 0xA4, 0xA9, 0xB1, 0xA9, 0xF8, 0x91, 0x53, 0x57, 0xC4, 0x3F, 0xBD, 0xEA, 0x8C,
    0xB2, 0x70, 0x9E, 0xFE, 0x45, 0x0F, 0xCA, 0x89, 0x23, 0x6B, 0xA0, 0x3C, 0x36, 0xF4, 0x19, 0x6F,
    0xBE, 0xB4, 0xAE, 0x44, 0xEA, 0xF8, 0x1F, 0xC2, 0xA9, 0x26, 0x5F, 0x7F, 0xAA, 0xAC, 0xAC, 0x36,
    0xAE, 0x1A, 0x89, 0x7F, 0xFD, 0x85, 0xFB, 0xD4, 0x93, 0xF0, 0x7A, 0x55, 0xB7, 0x3D, 0x3E, 0x50,
    0x16, 0x66, 0xCF, 0x7C, 0xCB, 0x25, 0xE5, 0xFB, 0xF2, 0xD3, 0x21, 0x6E, 0x8F, 0xB9, 0xA4, 0xDB,
    0xB7, 0xC7, 0x97, 0x95, 0xC2, 0x97, 0x5F, 0x7D, 0x66, 0x1C, 0xB1, 0xAC, 0x77, 0xFB, 0x36, 0xD5,
    0x95, 0x60, 0x99, 0xC0, 0x7F, 0xF5, 0xA3, 0x57, 0xC7, 0x1F, 0x7D, 0xF2, 0xBA, 0xE8, 0x5F, 0x34,
    0x30, 0x67, 0xB6, 0x78, 0xE7, 0x7C, 0xDB, 0xD9, 0xCA, 0x58, 0x0A, 0xDF, 0xF1, 0xF2, 0x99, 0xF6,
    0x8E, 0xC7, 0xF0, 0x8A, 0xE1, 0xF8, 0xA1, 0x8D, 0x4B, 0xE2, 0x94, 0xB5, 0x23, 0x71, 0xFC, 0xEA,
    0x91, 0x78, 0xC0, 0x51, 0x8B, 0xEB, 0x71, 0xDF, 0x2B, 0x16, 0x76, 0x0E, 0x43, 0xBB, 0xA3, 0x4E,
    0x53, 0x74, 0xE6, 0x82, 0xEC, 0xDB, 0xE9, 0xC9, 0xFF, 0x90, 0xCB, 0x77, 0xC8, 0x79, 0xEA, 0x91,
    0x7F, 0x75, 0x41, 0x9C, 0x77, 0xC5, 0xB6, 0x58, 0x50, 0x16, 0x92, 0xF5, 0xAD, 0xE7, 0x89, 0xEC,
    0xA7, 0xEC, 0xAF, 0x3C, 0x39, 0xB9, 0x54, 0xF1, 0x71, 0xF4, 0x86, 0x45, 0x71, 0x76, 0xE9, 0x97,
    0xFB, 0x94, 0xAF, 0x4F, 0x3D, 0x7D, 0x55, 0xDC, 0x6F, 0xFA, 0x4A, 0x48, 0x5D, 0xD9, 0x2F, 0xD9,
    0x0F, 0xF9, 0x37, 0xAD, 0xEA, 0xCE, 0x66, 0x99, 0x43, 0x0E, 0xF6, 0xCD, 0x1B, 0xF7, 0x94, 0xF5,
    0xCF, 0x96, 0xF8, 0xE6, 0x4D, 0x7B, 0xE2, 0x3F, 0xAE, 0xDB, 0x15, 0x97, 0xDF, 0xB0, 0xBB, 0x3E,
    0xDE, 0x37, 0xD2, 0x5F, 0x3E, 0xEF, 0x82, 0x5A, 0x48, 0xCE, 0xE7, 0xE5, 0x6F, 0xB6, 0x57, 0xCE,
    0xCF, 0x0F, 0x3A, 0x6E, 0x69, 0x9C, 0xFB, 0xAA, 0xD3, 0xEB, 0x9D, 0xE2, 0x7B, 0x55, 0xF6, 0x71,
    0x8E, 0xEF, 0x79, 0x57, 0xED, 0x88, 0xC7, 0xBF, 0xEE, 0xA2, 0xB2, 0x08, 0x3A, 0xF4, 0xF5, 0x44,
    0x06, 0xDE, 0x89, 0xFD, 0x13, 0xB1, 0xB2, 0xD4, 0x11, 0x79, 0xD2, 0xFD, 0x7F, 0x7F, 0xCC, 0x51,
    0xB1, 0x34, 0xAF, 0x3E, 0x57, 0xE4, 0xF9, 0x80, 0x5F, 0xBB, 0x6E, 0x77, 0x5C, 0xBD, 0x65, 0x5F,
    0xDC, 0xB6, 0x6B, 0x3C, 0x76, 0x95, 0xE7, 0xE5, 0x32, 0x7F, 0xA8, 0x04, 0x97, 0xE5, 0x65, 0x7A,
    0xCA, 0xF5, 0xD3, 0xA9, 0xEB, 0x16, 0xC5, 0x83, 0x36, 0x76, 0x0E, 0x17, 0x4B, 0xB9, 0xB7, 0xEF,
    0x0F, 0x3E, 0x73, 0x7D, 0xBC, 0xEE, 0xBC, 0x9B, 0x62, 0xE7, 0xEE, 0xF1, 0x1A, 0x5E, 0xE6, 0xDB,
    0x5E, 0xD0, 0x5E, 0x25, 0xC0, 0xCC, 0x82, 0x3A, 0xC3, 0x96, 0x05, 0xCE, 0x43, 0x4F, 0x58, 0x16,
    0x7F, 0xFF, 0xDC, 0x93, 0x62, 0xE1, 0x60, 0x5F, 0xBD, 0x62, 0xD0, 0x61, 0xA9, 0x04, 0xEE, 0xA5,
    0xDC, 0x0A, 0xB6, 0xAA, 0x2C, 0x10, 0x3F, 0x70, 0xFE, 0x96, 0x38, 0xE7, 0x03, 0x57, 0xD6, 0x2D,
    0x62, 0x87, 0x7A, 0x81, 0x93, 0x1F, 0x3B, 0x8B, 0xAA, 0x0D, 0xCB, 0x87, 0xEB, 0xEE, 0xDE, 0x8D,
    0x2B, 0x86, 0xEA, 0x5D, 0x70, 0x7B, 0x71, 0x65, 0x9C, 0xE3, 0xB5, 0x7A, 0xF1, 0x60, 0xBC, 0xFB,
    0xBF, 0x6E, 0x8B, 0x57, 0x7F, 0xE0, 0xAA, 0x03, 0x5D, 0x66, 0x26, 0xBA, 0x73, 0xB5, 0x6F, 0xCB,
    0x34, 0x74, 0xF4, 0xAA, 0xE1, 0x78, 0xCF, 0x8B, 0x36, 0xC5, 0x51, 0xA5, 0x6F, 0xF3, 0xB2, 0x94,
    0xBD, 0x38, 0xAD, 0xA7, 0x9C, 0xBE, 0xF3, 0x26, 0x65, 0xBF, 0xFC, 0x91, 0xAB, 0xE3, 0x8D, 0x9F,
    0xBF, 0x31, 0xFA, 0x47, 0x4A, 0x80, 0x99, 0x63, 0xD5, 0x51, 0x36, 0x7D, 0x16, 0x7E, 0xB9, 0xE1,
    0x64, 0x34, 0xFB, 0x62, 0x74, 0xA2, 0xF3, 0x8B, 0xB2, 0xE2, 0x5F, 0xBE, 0x64, 0xB0, 0x06, 0x99,
    0xE3, 0x4B, 0x7F, 0xDD, 0xF7, 0xC8, 0xC5, 0x71, 0xFF, 0x12, 0x68, 0x4E, 0x28, 0xDF, 0xAF, 0x2A,
    0xD3, 0xFC, 0xEA, 0x12, 0xE6, 0x72, 0x59, 0x75, 0xB8, 0x75, 0x9B, 0x3B, 0xBF, 0x3E, 0xE2, 0xAF,
    0x2F, 0x88, 0x2F, 0xCF, 0xC3, 0x00, 0xD3, 0x95, 0x61, 0x3A, 0x4F, 0xFA, 0x1F, 0xCB, 0x20, 0x53,
    0x8A, 0xBD, 0xEC, 0xB4, 0x8D, 0xA5, 0x7F, 0x7E, 0xA8, 0x14, 0x58, 0x4F, 0x3D, 0x63, 0x55, 0x3C,
    0xE4, 0x98, 0xA5, 0x71, 0xDC, 0xAA, 0xA1, 0x58, 0x3C, 0x7D, 0xDE, 0xD3, 0x1D, 0xD5, 0x36, 0xEB,
    0x36, 0x5C, 0xE9, 0xF8, 0xD9, 0x9A, 0xED, 0x0E, 0xF4, 0x5D, 0x7E, 0xF3, 0x03, 0xC6, 0x23, 0xEF,
    0xE7, 0x91, 0x77, 0x56, 0xFF, 0x62, 0x29, 0x72, 0xFF, 0xE5, 0x8A, 0xED, 0x25, 0xB4, 0xEC, 0x8E,
    0xEB, 0x36, 0xEF, 0xEB, 0x7C, 0xFE, 0x3C, 0xDC, 0x67, 0xFA, 0xB3, 0x66, 0x11, 0x39, 0x1F, 0xA7,
    0x89, 0x3B, 0xEA, 0x06, 0x98, 0xFB, 0x1D, 0xB3, 0x24, 0x3E, 0xF0, 0xD2, 0x4D, 0xB1, 0xB6, 0xCC,
    0xC3, 0xB9, 0x1C, 0xEB, 0x45, 0xB9, 0x2C, 0xCD, 0x80, 0x95, 0xF7, 0xAC, 0x7A, 0xE6, 0x9B, 0x2F,
    0x8D, 0x7D, 0x87, 0x21, 0xC0, 0xA4, 0x1A, 0x62, 0x72, 0x7A, 0x29, 0xD3, 0xC8, 0x63, 0x4F, 0x5B,
    0x19, 0xE7, 0x3C, 0x62, 0x43, 0x3C, 0xF6, 0xA4, 0xE5, 0xB1, 0xB4, 0x84, 0x94, 0xBB, 0x6A, 0xFB,
    0xBE, 0xF1, 0x32, 0x9E, 0xDB, 0xEB, 0x79, 0x35, 0x5F, 0xBA, 0x7C, 0x7B, 0x79, 0xD1, 0xF2, 0x7F,
    0xBF, 0x2B, 0xD9, 0xF5, 0x12, 0x01, 0x66, 0x16, 0xE5, 0x31, 0x96, 0xEB, 0x96, 0x0E, 0x46, 0x5F,
    0xE9, 0x86, 0xDE, 0xED, 0x84, 0xCE, 0xA5, 0x58, 0x77, 0x97, 0x22, 0xE7, 0xB6, 0xDD, 0x63, 0x87,
    0x7C, 0x41, 0x73, 0xB0, 0x3C, 0x4C, 0xE0, 0x88, 0x65, 0x83, 0x31, 0xB0, 0xA0, 0x97, 0x8B, 0x95,
    0x4E, 0x7B, 0xE4, 0x96, 0x9B, 0x6C, 0x0F, 0xEE, 0x9A, 0x36, 0xFA, 0x36, 0x7B, 0xB7, 0x73, 0x98,
    0xCE, 0xED, 0xA5, 0x6F, 0x77, 0xEC, 0x2D, 0x85, 0xFD, 0x6C, 0x55, 0x7C, 0x33, 0x24, 0x8B, 0x87,
    0x9C, 0x9E, 0x53, 0xDD, 0x33, 0x93, 0x85, 0x4F, 0x5E, 0x7A, 0x34, 0x3B, 0x69, 0xA8, 0x2F, 0x16,
    0x95, 0x15, 0xFE, 0x92, 0x52, 0x30, 0x2E, 0x2F, 0x41, 0x6E, 0xF9, 0xC2, 0xFE, 0x5A, 0x7C, 0x64,
    0xB8, 0xD9, 0xB4, 0x7E, 0x61, 0x6C, 0x5A, 0x9B, 0xC3, 0x48, 0x1C, 0xBD, 0x7C, 0x38, 0x86, 0x06,
    0x72, 0x8F, 0x41, 0x67, 0xAF, 0xC1, 0xA1, 0x6C, 0xB2, 0x3C, 0x31, 0xFB, 0x4B, 0x97, 0xCF, 0xDF,
    0x00, 0xD3, 0xD5, 0xDD, 0x23, 0x53, 0xFB, 0x28, 0xFB, 0xA7, 0xF4, 0x53, 0x5E, 0x5D, 0x2B, 0x8B,
    0xD5, 0x0D, 0x65, 0x1D, 0x72, 0xE6, 0x86, 0x45, 0xF1, 0xAC, 0xFB, 0xAF, 0x89, 0x47, 0x9F, 0xB8,
    0x2C, 0x96, 0x4C, 0x6F, 0x6D, 0xBE, 0x33, 0xD9, 0x86, 0x75, 0x63, 0x59, 0xD1, 0xE9, 0xF6, 0x4E,
    0x6F, 0x7D, 0x47, 0x9F, 0xDD, 0xDD, 0x0E, 0x3C, 0xA8, 0x63, 0xBE, 0xFD, 0xED, 0xB7, 0xF7, 0x8A,
    0xE4, 0xD5, 0xF1, 0xBE, 0xDF, 0x4B, 0xE6, 0xE8, 0x5C, 0xB7, 0x75, 0x7F, 0x7C, 0xF2, 0x92, 0xAD,
    0xF1, 0xA9, 0x4B, 0xB6, 0x95, 0xF0, 0xB2, 0xAF, 0xDE, 0x15, 0xBD, 0xAE, 0x6F, 0xF6, 0x95, 0x79,
    0xB0, 0x84, 0x96, 0xBE, 0x12, 0x9C, 0x73, 0xFA, 0xCA, 0x37, 0x98, 0x6B, 0x1B, 0x14, 0x0E, 0x89,
    0xD2, 0x24, 0x0B, 0xCB, 0xFC, 0x7A, 0x42, 0x09, 0xB7, 0xB9, 0x61, 0xA2, 0x57, 0x5B, 0x28, 0xBB,
    0x2E, 0xC3, 0xC5, 0xCE, 0xB2, 0xFE, 0xCC, 0x7E, 0x3E, 0x9C, 0x5D, 0x59, 0xDE, 0xA6, 0xB6, 0xC3,
    0x54, 0x09, 0xFF, 0x4B, 0xCA, 0x7C, 0x72, 0x52, 0x69, 0x9B, 0x27, 0x6C, 0x5A, 0x11, 0x2F, 0x79,
    0xF0, 0xBA, 0x38, 0x79, 0xCD, 0x48, 0x19, 0x8F, 0x6F, 0x2F, 0xFB, 0x52, 0xEE, 0xC9, 0xCB, 0x9B,
    0xF3, 0x5F, 0x7A, 0xEB, 0x9E, 0x78, 0xEB, 0xD7, 0x6E, 0x8B, 0x4F, 0x97, 0xF0, 0x72, 0xC5, 0xED,
    0x7B, 0x63, 0xCF, 0xEE, 0xF1, 0xCE, 0x79, 0x55, 0xF5, 0x39, 0x9D, 0xE7, 0xD2, 0x1B, 0x04, 0x98,
    0xD9, 0x94, 0x2D, 0xDF, 0xCA, 0x1C, 0x91, 0x73, 0x6F, 0x2E, 0x11, 0x0E, 0xB7, 0x1E, 0xDD, 0x72,
    0xF4, 0x5D, 0x66, 0xAA, 0x3D, 0xE6, 0x92, 0x56, 0xFA, 0x36, 0x47, 0x33, 0x6B, 0xC0, 0x83, 0x56,
    0x6E, 0xF3, 0x41, 0xFD, 0xB4, 0xE5, 0x9F, 0xCE, 0xAA, 0x7A, 0xBA, 0x50, 0xCC, 0xE5, 0x53, 0xB7,
    0xDB, 0xEA, 0xD7, 0xF2, 0x4F, 0xB6, 0x4B, 0xEE, 0x88, 0x29, 0x5F, 0xBB, 0xE7, 0x27, 0xAC, 0x5E,
    0x3C, 0x10, 0x47, 0x94, 0x42, 0x7A, 0x7D, 0x19, 0x56, 0x2D, 0x1A, 0xAC, 0x87, 0x63, 0x64, 0xD8,
    0xC9, 0x43, 0xD1, 0x32, 0x00, 0x0D, 0x95, 0x6A, 0x61, 0xA0, 0x14, 0xA2, 0xF5, 0xA4, 0xD9, 0xF2,
    0xFC, 0xDC, 0xAB, 0x90, 0x7F, 0x97, 0x6F, 0x91, 0xB3, 0x51, 0xFE, 0xEE, 0x60, 0xDD, 0xB7, 0xFA,
    0xEF, 0x1F, 0xBD, 0x26, 0x2E, 0xBE, 0x71, 0x77, 0xBD, 0x11, 0x64, 0x7D, 0x6C, 0x9E, 0xCB, 0x56,
    0xEA, 0x4C, 0x96, 0x0B, 0x4A, 0x10, 0xC9, 0x2D, 0xCC, 0xE5, 0xDB, 0x6C, 0x98, 0x7C, 0xAC, 0xB4,
    0x51, 0xB6, 0xF9, 0x03, 0x8E, 0x5E, 0x1C, 0x0F, 0x3B, 0x76, 0x69, 0x9C, 0x5E, 0x42, 0x66, 0x5E,
    0x41, 0x29, 0xFB, 0x64, 0x75, 0xE9, 0x93, 0x25, 0xA5, 0x4F, 0xF2, 0x50, 0x99, 0xBB, 0xEA, 0x40,
    0x7B, 0xDF, 0x59, 0xC3, 0x97, 0x97, 0xB9, 0xEB, 0xAF, 0xD4, 0xD9, 0x93, 0xBF, 0x7B, 0xFF, 0x64,
    0x6C, 0xDB, 0x37, 0x1E, 0xB7, 0x96, 0x70, 0x72, 0xE3, 0x8E, 0xFD, 0x71, 0xCD, 0xB6, 0xD1, 0xF8,
    0xC6, 0xF5, 0xBB, 0xE3, 0xCB, 0x57, 0xEF, 0xAC, 0x97, 0x90, 0xCE, 0xBD, 0xDB, 0x07, 0xA6, 0xB7,
    0x7C, 0xF1, 0x3A, 0x9D, 0xE4, 0x37, 0x9D, 0x30, 0x74, 0x67, 0xA3, 0xC1, 0x41, 0xB2, 0x81, 0x0E,
    0x6E, 0xBF, 0x5E, 0x6C, 0xB0, 0x3A, 0x5E, 0x65, 0xC4, 0x72, 0x22, 0xBE, 0x1B, 0xD3, 0xE2, 0x3D,
    0x95, 0xEF, 0x90, 0x6F, 0x55, 0x37, 0xCC, 0x64, 0xDB, 0xE4, 0x34, 0x55, 0xDE, 0xF7, 0xA4, 0xB5,
    0x0B, 0xE3, 0xCC, 0xF5, 0x8B, 0xE2, 0xA8, 0x15, 0x83, 0x31, 0x32, 0xD0, 0x1F, 0x7B, 0xC7, 0x26,
    0xCA, 0x34, 0x39, 0x1A, 0x17, 0xDE, 0xBC, 0x37, 0x2E, 0xBF, 0x6D, 0xEF, 0x77, 0x3D, 0xDF, 0xF4,
    0xD7, 0x9B, 0x04, 0x98, 0x59, 0x76, 0xF8, 0x67, 0xE1, 0x43, 0x67, 0x26, 0x26, 0x14, 0xED, 0x31,
    0x77, 0xE9, 0xDB, 0xF6, 0xDC, 0x59, 0x9F, 0x1D, 0x68, 0x9B, 0x83, 0xBF, 0xC9, 0xEF, 0xBB, 0x3F,
    0x1F, 0xBC, 0xB6, 0xEF, 0x7E, 0xCD, 0x17, 0xAA, 0xC5, 0x68, 0x7E, 0x5F, 0xBE, 0xE6, 0xB7, 0x07,
    0xBD, 0x78, 0xA7, 0x28, 0xBF, 0xA3, 0xCE, 0xF9, 0x3A, 0xDC, 0xB9, 0x83, 0x9B, 0xAC, 0xB6, 0x52,
    0xFE, 0xD3, 0x6D, 0xFB, 0xE9, 0xE2, 0x6B, 0x28, 0xF7, 0xA2, 0x0D, 0xF6, 0xC5, 0xC6, 0x12, 0x64,
    0xF2, 0xFC, 0xA6, 0xFB, 0x95, 0xE1, 0x94, 0x35, 0x0B, 0x63, 0xC5, 0xA2, 0x81, 0x58, 0x3A, 0xDC,
    0x17, 0xCB, 0x4A, 0xA8, 0xC9, 0xC3, 0xCF, 0x46, 0xCA, 0x73, 0x86, 0x4B, 0xA1, 0x96, 0x81, 0x34,
    0x0F, 0x5B, 0xBB, 0xF3, 0xFE, 0xF8, 0x6E, 0x75, 0xAB, 0x75, 0x79, 0xAB, 0x3C, 0xAC, 0x26, 0xAF,
    0xEC, 0xB4, 0x77, 0x2C, 0x83, 0xCA, 0x44, 0xEC, 0x1A, 0x9D, 0x88, 0x3D, 0xA3, 0x93, 0xF5, 0x12,
    0xC7, 0x19, 0x4E, 0x2E, 0xB9, 0x65, 0x6F, 0x7C, 0xE3, 0xA6, 0xDD, 0xB5, 0x38, 0xCC, 0xC7, 0xB3,
    0x60, 0x8C, 0xF2, 0xDC, 0x03, 0xD3, 0x45, 0x77, 0x9A, 0x28, 0xBA, 0x6F, 0x9D, 0x1F, 0x83, 0xBB,
    0xA7, 0xDB, 0x76, 0x2D, 0x98, 0xC9, 0xFE, 0xFD, 0x8E, 0x69, 0x2A, 0xFF, 0xC9, 0xF9, 0xA4, 0x1B,
    0xF6, 0xBA, 0xF2, 0x49, 0x07, 0x4D, 0x8B, 0xDF, 0xF1, 0x37, 0xF4, 0x24, 0x01, 0x06, 0x80, 0x7B,
    0xAD, 0xAE, 0xF0, 0xA7, 0xD7, 0xFA, 0xDD, 0x95, 0xFF, 0x1D, 0x7D, 0xC7, 0xCA, 0x26, 0x7F, 0xC8,
    0x27, 0x7E, 0x9F, 0x35, 0x90, 0x95, 0xD3, 0xDD, 0xD7, 0xCD, 0x02, 0xD9, 0x76, 0x35, 0xFF, 0xE5,
    0x90, 0xC5, 0x5A, 0x9E, 0x13, 0xD0, 0xDD, 0xB2, 0x5C, 0x02, 0xCC, 0x9A, 0xBA, 0xC7, 0x6C, 0x28,
    0xD6, 0x2C, 0x1E, 0xA8, 0x41, 0x26, 0x4F, 0x74, 0xCE, 0x73, 0x9C, 0x32, 0xF0, 0x0C, 0xF6, 0xF7,
    0xD5, 0x2B, 0x32, 0xE5, 0x46, 0xF2, 0x81, 0xBE, 0xBE, 0xBA, 0xC7, 0x2C, 0x0F, 0x3D, 0x9B, 0x2A,
    0xAF, 0x9C, 0x5F, 0xC7, 0x72, 0x98, 0x98, 0x8C, 0xD1, 0xF2, 0x9A, 0xFB, 0xC7, 0x4B, 0x68, 0x19,
    0x9B, 0x8C, 0x9D, 0xFB, 0x26, 0xEA, 0x79, 0x03, 0xB7, 0xEF, 0x1A, 0x2F, 0xC1, 0x65, 0xAC, 0x7E,
    0x8D, 0xF2, 0xB5, 0x8E, 0xCD, 0x40, 0x19, 0xF2, 0xC5, 0xF2, 0xB8, 0x9D, 0xF2, 0xE5, 0xE0, 0x71,
    0xCC, 0x7F, 0xEA, 0x57, 0x98, 0x21, 0x39, 0xED, 0xD5, 0xE9, 0xB0, 0xFE, 0xD4, 0x61, 0x5A, 0x6C,
    0x8F, 0x00, 0x03, 0x00, 0x73, 0xD0, 0xC1, 0x85, 0x5A, 0x9E, 0x43, 0x52, 0x37, 0x30, 0x97, 0xEF,
    0xEB, 0xF9, 0xCD, 0x19, 0x64, 0x0E, 0x1C, 0xB6, 0x95, 0x43, 0x3E, 0xB9, 0xA8, 0x4F, 0xEE, 0x7E,
    0x33, 0x2D, 0xBF, 0xED, 0xFE, 0xBE, 0xAB, 0xA6, 0xA3, 0xFC, 0xDA, 0xF9, 0x52, 0x9F, 0x93, 0x6F,
    0x30, 0x3D, 0x64, 0xE8, 0xC9, 0x3D, 0x3A, 0xE9, 0xDB, 0x1B, 0xBC, 0xEB, 0x3F, 0xDF, 0xF5, 0x52,
    0x00, 0x77, 0x97, 0x00, 0x03, 0x00, 0xF3, 0x48, 0xC6, 0x8A, 0xCE, 0x5E, 0x90, 0xFA, 0x4F, 0xFD,
    0xF9, 0x60, 0x77, 0xA5, 0x28, 0xB8, 0xE3, 0xDF, 0xA4, 0xFA, 0x77, 0x35, 0xA0, 0xD4, 0xA8, 0x72,
    0x20, 0xE3, 0x00, 0x1C, 0x6A, 0x79, 0x2A, 0x26, 0x00, 0x30, 0x4F, 0x64, 0xAE, 0xE8, 0xEC, 0x80,
    0xE9, 0xDC, 0xAC, 0x34, 0x4F, 0xB2, 0x3F, 0x78, 0xC8, 0xC7, 0x7E, 0xD0, 0x70, 0xC7, 0xBF, 0x39,
    0xF0, 0x77, 0xE5, 0x35, 0xCB, 0x17, 0xE1, 0x05, 0x38, 0xAC, 0x04, 0x18, 0x00, 0x00, 0xA0, 0x19,
    0x02, 0x0C, 0x00, 0x00, 0xD0, 0x0C, 0x01, 0x06, 0x00, 0x00, 0x68, 0x86, 0x00, 0x03, 0x00, 0x00,
    0x34, 0x43, 0x80, 0x01, 0x00, 0x00, 0x9A, 0x21, 0xC0, 0x00, 0x00, 0x00, 0xCD, 0x10, 0x60, 0x00,
    0x00, 0x80, 0x66, 0x08, 0x30, 0x00, 0x00, 0x40, 0x33, 0x04, 0x18, 0x00, 0x00, 0xA0, 0x19, 0x02,
    0x0C, 0x00, 0x00, 0xD0, 0x0C, 0x01, 0x06, 0x00, 0x00, 0x68, 0x86, 0x00, 0x03, 0x00, 0x00, 0x34,
    0x43, 0x80, 0x01, 0x00, 0x00, 0x9A, 0x21, 0xC0, 0x00, 0x00, 0x00, 0xCD, 0x10, 0x60, 0x00, 0x00,
    0x80, 0x66, 0x08, 0x30, 0x00, 0x00, 0x40, 0x33, 0x04, 0x18, 0x00, 0x00, 0xA0, 0x19, 0x02, 0x0C,
    0x00, 0x00, 0xD0, 0x0C, 0x01, 0x06, 0x00, 0x00, 0x68, 0x86, 0x00, 0x03, 0x00, 0x00, 0x34, 0x43,
    0x80, 0x01, 0x00, 0x00, 0x9A, 0x21, 0xC0, 0x00, 0x00, 0x00, 0xCD, 0x10, 0x60, 0x00, 0x00, 0x80,
    0x66, 0x08, 0x30, 0x00, 0x00, 0x40, 0x33, 0x04, 0x18, 0x00, 0x00, 0xA0, 0x19, 0x02, 0x0C, 0x00,
    0x00, 0xD0, 0x0C, 0x01, 0x06, 0x00, 0x00, 0x68, 0x86, 0x00, 0x03, 0x00, 0x00, 0x34, 0x43, 0x80,
    0x01, 0x00, 0x00, 0x9A, 0x21, 0xC0, 0x00, 0x00, 0x00, 0xCD, 0x10, 0x60, 0x00, 0x00, 0x80, 0x66,
    0x08, 0x30, 0x00, 0x00, 0x40, 0x33, 0x04, 0x18, 0x00, 0x00, 0xA0, 0x19, 0x02, 0x0C, 0x00, 0x00,
    0xD0, 0x0C, 0x01, 0x06, 0x00, 0x00, 0x68, 0x86, 0x00, 0x03, 0x00, 0x00, 0x34, 0x43, 0x80, 0x01,
    0x00, 0x00, 0x9A, 0x21, 0xC0, 0x00, 0x00, 0x00, 0xCD, 0x10, 0x60, 0x00, 0x00, 0x80, 0x66, 0x08,
    0x30, 0x00, 0x00, 0x40, 0x33, 0x04, 0x18, 0x00, 0x00, 0xA0, 0x19, 0x02, 0x0C, 0x00, 0x00, 0xD0,
    0x0C, 0x01, 0x06, 0x00, 0x00, 0x68, 0x86, 0x00, 0x03, 0x00, 0x00, 0x34, 0x43, 0x80, 0x01, 0x00,
    0x00, 0x9A, 0x21, 0xC0, 0x00, 0x00, 0x00, 0xCD, 0x10, 0x60, 0x00, 0x00, 0x80, 0x66, 0x08, 0x30,
    0x00, 0x00, 0x40, 0x33, 0x04, 0x18, 0x00, 0x00, 0xA0, 0x19, 0x02, 0x0C, 0x00, 0x00, 0xD0, 0x0C,
    0x01, 0x06, 0x00, 0x00, 0x68, 0x86, 0x00, 0x03, 0x00, 0x00, 0x34, 0x43, 0x80, 0x01, 0x00, 0x00,
    0x9A, 0x21, 0xC0, 0x00, 0x00, 0x00, 0xCD, 0x10, 0x60, 0x00, 0x00, 0x80, 0x66, 0x08, 0x30, 0x00,
    0x00, 0x40, 0x33, 0x04, 0x18, 0x00, 0x00, 0xA0, 0x19, 0x02, 0x0C, 0x00, 0x00, 0xD0, 0x0C, 0x01,
    0x06, 0x00, 0x00, 0x68, 0x86, 0x00, 0x03, 0x00, 0x00, 0x34, 0x43, 0x80, 0x01, 0x00, 0x00, 0x9A,
    0x21, 0xC0, 0x00, 0x00, 0x00, 0xCD, 0x10, 0x60, 0x00, 0x00, 0x80, 0x66, 0x08, 0x30, 0x00, 0x00,
    0x40, 0x33, 0x04, 0x18, 0x00, 0x00, 0xA0, 0x19, 0x02, 0x0C, 0x00, 0x00, 0xD0, 0x0C, 0x01, 0x06,
    0x00, 0x00, 0x68, 0x86, 0x00, 0x03, 0x00, 0x00, 0x34, 0x43, 0x80, 0x01, 0x00, 0x00, 0x9A, 0x21,
    0xC0, 0x00, 0x00, 0x00, 0xCD, 0x10, 0x60, 0x00, 0x00, 0x80, 0x66, 0x08, 0x30, 0x00, 0x00, 0x40,
    0x33, 0x04, 0x18, 0x00, 0x00, 0xA0, 0x19, 0x02, 0x0C, 0x00, 0x00, 0xD0, 0x0C, 0x01, 0x06, 0x00,
    0x00, 0x68, 0x86, 0x00, 0x03, 0x00, 0x00, 0x34, 0x43, 0x80, 0x01, 0x00, 0x00, 0x9A, 0x21, 0xC0,
    0x00, 0x00, 0x00, 0xCD, 0x10, 0x60, 0x00, 0x00, 0x80, 0x66, 0x08, 0x30, 0x00, 0x00, 0x40, 0x33,
    0x04, 0x18, 0x00, 0x00, 0xA0, 0x19, 0x02, 0x0C, 0x00, 0x00, 0xD0, 0x0C, 0x01, 0x06, 0x00, 0x00,
    0x68, 0x86, 0x00, 0x03, 0x00, 0x00, 0x34, 0x43, 0x80, 0x01, 0x00, 0x00, 0x9A, 0x21, 0xC0, 0x00,
    0x00, 0x00, 0xCD, 0x10, 0x60, 0x00, 0x00, 0x80, 0x66, 0x08, 0x30, 0x00, 0x00, 0x40, 0x33, 0x04,
    0x18, 0x00, 0x00, 0xA0, 0x19, 0x02, 0x0C, 0x00, 0x00, 0xD0, 0x0C, 0x01, 0x06, 0x00, 0x00, 0x68,
    0x86, 0x00, 0x03, 0x00, 0x00, 0x34, 0x43, 0x80, 0x01, 0x00, 0x00, 0x9A, 0x21, 0xC0, 0x00, 0x00,
    0x00, 0xCD, 0x10, 0x60, 0x00, 0x00, 0x80, 0x66, 0x08, 0x30, 0x00, 0x00, 0x40, 0x33, 0x04, 0x18,
    0x00, 0x00, 0xA0, 0x19, 0x02, 0x0C, 0x00, 0x00, 0xD0, 0x0C, 0x01, 0x06, 0x00, 0x00, 0x68, 0x86,
    0x00, 0x03, 0x00, 0x00, 0x34, 0x43, 0x80, 0x01, 0x00, 0x00, 0x9A, 0x21, 0xC0, 0x00, 0x00, 0x00,
    0xCD, 0x10, 0x60, 0x00, 0x00, 0x80, 0x66, 0x08, 0x30, 0x00, 0x00, 0x40, 0x33, 0x04, 0x18, 0x00,
    0x00, 0xA0, 0x19, 0x02, 0x0C, 0x00, 0x00, 0xD0, 0x0C, 0x01, 0x06, 0x00, 0x00, 0x68, 0x86, 0x00,
    0x03, 0x00, 0x00, 0x34, 0x43, 0x80, 0x01, 0x00, 0x00, 0x9A, 0x21, 0xC0, 0x00, 0x00, 0x00, 0xCD,
    0x10, 0x60, 0x00, 0x00, 0x80, 0x66, 0x08, 0x30, 0x00, 0x00, 0x40, 0x33, 0x04, 0x18, 0x00, 0x00,
    0xA0, 0x19, 0x02, 0x0C, 0x00, 0x00, 0xD0, 0x0C, 0x01, 0x06, 0x00, 0x00, 0x68, 0x86, 0x00, 0x03,
    0x00, 0x00, 0x34, 0x43, 0x80, 0x01, 0x00, 0x00, 0x9A, 0x21, 0xC0, 0x00, 0x00, 0x00, 0xCD, 0x10,
    0x60, 0x00, 0x00, 0x80, 0x66, 0x08, 0x30, 0x00, 0x00, 0x40, 0x33, 0x04, 0x18, 0x00, 0x00, 0xA0,
    0x19, 0x02, 0x0C, 0x00, 0x00, 0xD0, 0x0C, 0x01, 0x06, 0x00, 0x00, 0x68, 0x86, 0x00, 0x03, 0x00,
    0x00, 0x34, 0x43, 0x80, 0x01, 0x00, 0x00, 0x9A, 0x21, 0xC0, 0x00, 0x00, 0x00, 0xCD, 0x10, 0x60,
    0x00, 0x00, 0x80, 0x66, 0x08, 0x30, 0x00, 0x00, 0x40, 0x33, 0x04, 0x18, 0x00, 0x00, 0xA0, 0x19,
    0x02, 0x0C, 0x00, 0x00, 0xD0, 0x0C, 0x01, 0x06, 0x00, 0x00, 0x68, 0x86, 0x00, 0x03, 0x00, 0x00,
    0x34, 0x43, 0x80, 0x01, 0x00, 0x00, 0x9A, 0x21, 0xC0, 0x00, 0x00, 0x00, 0xCD, 0x10, 0x60, 0x00,
    0x00, 0x80, 0x66, 0x08, 0x30, 0x00, 0x00, 0x40, 0x33, 0x04, 0x18, 0x00, 0x00, 0xA0, 0x19, 0x02,
    0x0C, 0x00, 0x00, 0xD0, 0x0C, 0x01, 0x06, 0x00, 0x00, 0x68, 0x86, 0x00, 0x03, 0x00, 0x00, 0x34,
    0x43, 0x80, 0x01, 0x00, 0x00, 0x9A, 0x21, 0xC0, 0x00, 0x00, 0x00, 0xCD, 0x10, 0x60, 0x00, 0x00,
    0x80, 0x66, 0x08, 0x30, 0x00, 0x00, 0x40, 0x33, 0x04, 0x18, 0x00, 0x00, 0xA0, 0x19, 0x02, 0x0C,
    0x00, 0x00, 0xD0, 0x0C, 0x01, 0x06, 0x00, 0x00, 0x68, 0x86, 0x00, 0x03, 0x00, 0x00, 0x34, 0x43,
    0x80, 0x01, 0x00, 0x00, 0x9A, 0x21, 0xC0, 0x00, 0x00, 0x00, 0xCD, 0x10, 0x60, 0x00, 0x00, 0x80,
    0x66, 0x08, 0x30, 0x00, 0x00, 0x40, 0x33, 0x04, 0x18, 0x00, 0x00, 0xA0, 0x19, 0x02, 0x0C, 0x00,
    0x00, 0xD0, 0x0C, 0x01, 0x06, 0x00, 0x00, 0x68, 0x86, 0x00, 0x03, 0x00, 0x00, 0x34, 0x43, 0x80,
    0x01, 0x00, 0x00, 0x9A, 0x21, 0xC0, 0x00, 0x00, 0x00, 0xCD, 0x10, 0x60, 0x00, 0x00, 0x80, 0x66,
    0x08, 0x30, 0x00, 0x00, 0x40, 0x33, 0x04, 0x18, 0x00, 0x00, 0xA0, 0x19, 0x02, 0x0C, 0x00, 0x00,
    0xD0, 0x0C, 0x01, 0x06, 0x00, 0x00, 0x68, 0x86, 0x00, 0x03, 0x00, 0x00, 0x34, 0x43, 0x80, 0x01,
    0x00, 0x00, 0x9A, 0x21, 0xC0, 0x00, 0x00, 0x00, 0xCD, 0x10, 0x60, 0x00, 0x00, 0x80, 0x66, 0x08,
    0x30, 0x00, 0x00, 0x40, 0x33, 0x04, 0x18, 0x00, 0x00, 0xA0, 0x19, 0x02, 0x0C, 0x00, 0x00, 0xD0,
    0x0C, 0x01, 0x06, 0x00, 0x00, 0x68, 0x86, 0x00, 0x03, 0x00, 0x00, 0x34, 0x43, 0x80, 0x01, 0x00,
    0x00, 0x9A, 0x21, 0xC0, 0x00, 0x00, 0x00, 0xCD, 0x10, 0x60, 0x00, 0x00, 0x80, 0x66, 0x08, 0x30,
    0x00, 0x00, 0x40, 0x33, 0x04, 0x18, 0x00, 0x00, 0xA0, 0x19, 0x02, 0x0C, 0x00, 0x00, 0xD0, 0x0C,
    0x01, 0x06, 0x00, 0x00, 0x68, 0x86, 0x00, 0x03, 0x00, 0x00, 0x34, 0x43, 0x80, 0x01, 0x00, 0x00,
    0x9A, 0x21, 0xC0, 0x00, 0x00, 0x00, 0xCD, 0x10, 0x60, 0x00, 0x00, 0x80, 0x66, 0x08, 0x30, 0x00,
    0x00, 0x40, 0x33, 0x04, 0x18, 0x00, 0x00, 0xA0, 0x19, 0x02, 0x0C, 0x00, 0x00, 0xD0, 0x0C, 0x01,
    0x06, 0x00, 0x00, 0x68, 0x86, 0x00, 0x03, 0x00, 0x00, 0x34, 0x43, 0x80, 0x01, 0x00, 0x00, 0x9A,
    0x21, 0xC0, 0x00, 0x00, 0x00, 0xCD, 0x10, 0x60, 0x00, 0x00, 0x80, 0x66, 0x08, 0x30, 0x00, 0x00,
    0x40, 0x33, 0x04, 0x18, 0x00, 0x00, 0xA0, 0x19, 0x02, 0x0C, 0x00, 0x00, 0xD0, 0x0C, 0x01, 0x06,
    0x00, 0x00, 0x68, 0x86, 0x00, 0x03, 0x00, 0x00, 0x34, 0x43, 0x80, 0x01, 0x00, 0x00, 0x9A, 0x21,
    0xC0, 0x00, 0x00, 0x00, 0xCD, 0x10, 0x60, 0x00, 0x00, 0x80, 0x66, 0x08, 0x30, 0x00, 0x00, 0x40,
    0x33, 0x04, 0x18, 0x00, 0x00, 0xA0, 0x19, 0x02, 0x0C, 0x00, 0x00, 0xD0, 0x0C, 0x01, 0x06, 0x00,
    0x00, 0x68, 0x86, 0x00, 0x03, 0x00, 0x00, 0x34, 0x43, 0x80, 0x01, 0x00, 0x00, 0x9A, 0x21, 0xC0,
    0x00, 0x00, 0x00, 0xCD, 0x10, 0x60, 0x00, 0x00, 0x80, 0x66, 0x08, 0x30, 0x00, 0x00, 0x40, 0x33,
    0x04, 0x18, 0x00, 0x00, 0xA0, 0x19, 0x02, 0x0C, 0x00, 0x00, 0xD0, 0x0C, 0x01, 0x06, 0x00, 0x00,
    0x68, 0x86, 0x00, 0x03, 0x00, 0x00, 0x34, 0x43, 0x80, 0x01, 0x00, 0x00, 0x9A, 0x21, 0xC0, 0x00,
    0x00, 0x00, 0xCD, 0x10, 0x60, 0x00, 0x00, 0x80, 0x66, 0x08, 0x30, 0x00, 0x00, 0x40, 0x33, 0x04,
    0x18, 0x00, 0x00, 0xA0, 0x19, 0x02, 0x0C, 0x00, 0x00, 0xD0, 0x0C, 0x01, 0x06, 0x00, 0x00, 0x68,
    0x86, 0x00, 0x03, 0x00, 0x00, 0x34, 0x43, 0x80, 0x01, 0x00, 0x00, 0x9A, 0x21, 0xC0, 0x00, 0x00,
    0x00, 0xCD, 0x10, 0x60, 0x00, 0x00, 0x80, 0x66, 0x08, 0x30, 0x00, 0x00, 0x40, 0x33, 0x04, 0x18,
    0x00, 0x00, 0xA0, 0x19, 0x02, 0x0C, 0x00, 0x00, 0xD0, 0x0C, 0x01, 0x06, 0x00, 0x00, 0x68, 0x86,
    0x00, 0x03, 0x00, 0x00, 0x34, 0x43, 0x80, 0x01, 0x00, 0x00, 0x9A, 0x21, 0xC0, 0x00, 0x00, 0x00,
    0xCD, 0x10, 0x60, 0x00, 0x00, 0x80, 0x66, 0x08, 0x30, 0x00, 0x00, 0x40, 0x33, 0x04, 0x18, 0x00,
    0x00, 0xA0, 0x19, 0x02, 0x0C, 0x00, 0x00, 0xD0, 0x0C, 0x01, 0x06, 0x00, 0x00, 0x68, 0x86, 0x00,
    0x03, 0x00, 0x00, 0x34, 0x43, 0x80, 0x01, 0x00, 0x00, 0x9A, 0x21, 0xC0, 0x00, 0x00, 0x00, 0xCD,
    0x10, 0x60, 0x00, 0x00, 0x80, 0x66, 0x08, 0x30, 0x00, 0x00, 0x40, 0x33, 0x04, 0x18, 0x00, 0x00,
    0xA0, 0x19, 0x02, 0x0C, 0x00, 0x00, 0xD0, 0x0C, 0x01, 0x06, 0x00, 0x00, 0x68, 0x86, 0x00, 0x03,
    0x00, 0x00, 0x34, 0x43, 0x80, 0x01, 0x00, 0x00, 0x9A, 0x21, 0xC0, 0x00, 0x00, 0x00, 0xCD, 0x10,
    0x60, 0x00, 0x00, 0x80, 0x66, 0x08, 0x30, 0x00, 0x00, 0x40, 0x33, 0x04, 0x18, 0x00, 0x00, 0xA0,
    0x19, 0x02, 0x0C, 0x00, 0x00, 0xD0, 0x0C, 0x01, 0x06, 0x00, 0x00, 0x68, 0x86, 0x00, 0x03, 0x00,
    0x00, 0x34, 0x43, 0x80, 0x01, 0x00, 0x00, 0x9A, 0x21, 0xC0, 0x00, 0x00, 0x00, 0xCD, 0x10, 0x60,
    0x00, 0x00, 0x80, 0x66, 0x08, 0x30, 0x00, 0x00, 0x40, 0x33, 0x04, 0x18, 0x00, 0x00, 0xA0, 0x19,
    0x02, 0x0C, 0x00, 0x00, 0xD0, 0x0C, 0x01, 0x06, 0x00, 0x00, 0x68, 0x86, 0x00, 0x03, 0x00, 0x00,
    0x34, 0x43, 0x80, 0x01, 0x00, 0x00, 0x9A, 0x21, 0xC0, 0x00, 0x00, 0x00, 0xCD, 0x10, 0x60, 0x00,
    0x00, 0x80, 0x66, 0x08, 0x30, 0x00, 0x00, 0x40, 0x33, 0x04, 0x18, 0x00, 0x00, 0xA0, 0x19, 0x02,
    0x0C, 0x00, 0x00, 0xD0, 0x0C, 0x01, 0x06, 0x00, 0x00, 0x68, 0x86, 0x00, 0x03, 0x00, 0x00, 0x34,
    0x43, 0x80, 0x01, 0x00, 0x00, 0x9A, 0x21, 0xC0, 0x00, 0x00, 0x00, 0xCD, 0x10, 0x60, 0x00, 0x00,
    0x80, 0x66, 0x08, 0x30, 0x00, 0x00, 0x40, 0x33, 0x04, 0x18, 0x00, 0x00, 0xA0, 0x19, 0x02, 0x0C,
    0x00, 0x00, 0xD0, 0x0C, 0x01, 0x06, 0x00, 0x00, 0x68, 0x86, 0x00, 0x03, 0x00, 0x00, 0x34, 0x43,
    0x80, 0x01, 0x00, 0x00, 0x9A, 0x21, 0xC0, 0x00, 0x00, 0x00, 0xCD, 0x10, 0x60, 0x00, 0x00, 0x80,
    0x66, 0x08, 0x30, 0x00, 0x00, 0x40, 0x33, 0x04, 0x18, 0x00, 0x00, 0xA0, 0x19, 0x02, 0x0C, 0x00,
    0x00, 0xD0, 0x0C, 0x01, 0x06, 0x00, 0x00, 0x68, 0x44, 0xC4, 0xFF, 0x0F, 0xF5, 0xD7, 0xE5, 0x96,
    0x54, 0xE2, 0x0D, 0x2F, 0x00, 0x00, 0x00, 0x00, 0x49, 0x45, 0x4E, 0x44, 0xAE, 0x42, 0x60, 0x82
};

} // namespace gvk
